VariationID,first_date,first_bucket,latest_date,latest_bucket,transition,years_to_reclassification
89,2010-06-11,P,2024-03-14,LP,P_to_LP,13.757700205338809
874,2005-07-01,VUS,2020-10-19,LB,VUS_to_LB,15.301848049281315
1989,2009-09-01,P,2024-04-11,VUS,P_to_VUS,14.609171800136892
1990,2009-09-01,P,2025-08-07,VUS,P_to_VUS,15.931553730321697
4885,2009-02-15,VUS,2021-06-19,B,VUS_to_B,12.33949349760438
7103,2007-04-01,P,2024-03-02,VUS,P_to_VUS,16.919917864476385
7104,2007-04-01,P,2021-01-09,VUS,P_to_VUS,13.776865160848734
8310,2004-05-25,P,2026-01-01,LP,P_to_LP,21.60438056125941
8598,2007-04-01,P,2026-01-19,VUS,P_to_VUS,18.803559206023273
12257,2002-12-01,P,2023-01-29,LP,P_to_LP,20.161533196440793
12264,2006-09-01,P,2020-01-27,LP,P_to_LP,13.404517453798768
12642,2001-10-01,P,2024-11-05,LP,P_to_LP,23.096509240246405
13915,2013-01-01,LP,2025-12-30,P,LP_to_P,12.993839835728952
13947,2002-04-01,VUS,2026-02-01,B,VUS_to_B,23.838466803559207
13954,2017-04-27,LB,2021-05-15,B,LB_to_B,4.049281314168378
16627,2007-04-01,P,2024-11-05,LP,P_to_LP,17.598904859685145
17701,2008-02-01,P,2024-12-01,LB,P_to_LB,16.83230663928816
17702,2009-03-01,P,2024-04-29,VUS,P_to_VUS,15.162217659137577
17704,2009-03-01,P,2026-01-19,B,P_to_B,16.8870636550308
18062,2003-12-23,P,2024-05-01,VUS,P_to_VUS,20.355920602327174
18065,2018-03-06,B,2021-08-16,LB,B_to_LB,3.4469541409993156
18066,2005-09-01,P,2021-03-05,LP,P_to_LP,15.507186858316222
18070,2005-09-01,P,2024-11-08,LP,P_to_LP,19.186858316221766
18413,2010-12-01,VUS,2026-01-01,LB,VUS_to_LB,15.085557837097879
24889,2018-01-04,LB,2026-03-04,B,LB_to_B,8.161533196440795
24896,2013-01-01,LP,2025-08-13,P,LP_to_P,12.61327857631759
24931,2014-06-01,LB,2026-01-31,P,LB_to_P,11.668720054757015
24948,2015-08-31,LB,2026-01-31,B,LB_to_B,10.420260095824778
24953,2022-03-30,LB,2025-02-27,B,LB_to_B,2.915811088295688
24968,2004-07-01,P,2025-07-17,VUS,P_to_VUS,21.04312114989733
30764,2011-06-01,P,2025-06-12,LP,P_to_LP,14.03148528405202
30766,2011-09-01,P,2025-08-25,VUS,P_to_VUS,13.982203969883642
32153,2013-06-25,P,2018-02-14,LP,P_to_LP,4.640657084188912
36841,2016-06-19,LB,2026-01-28,B,LB_to_B,9.609856262833675
36845,2011-08-18,LP,2025-09-12,P,LP_to_P,14.069815195071868
36848,2011-08-18,LP,2019-07-06,P,LP_to_P,7.882272416153319
36849,2011-08-18,LP,2022-09-02,P,LP_to_P,11.041752224503764
36850,2011-08-18,LP,2023-09-21,P,LP_to_P,12.093086926762492
36855,2016-01-21,LB,2026-01-06,B,LB_to_B,9.960301163586584
38611,2015-12-29,LP,2024-02-29,P,LP_to_P,8.16974674880219
41839,2012-07-13,VUS,2026-02-03,B,VUS_to_B,13.560574948665298
41846,2012-07-13,VUS,2026-02-03,B,VUS_to_B,13.560574948665298
48100,2015-05-05,LB,2025-02-18,B,LB_to_B,9.793292265571527
50207,2012-02-01,P,2023-12-21,LP,P_to_LP,11.885010266940451
60686,2013-08-15,P,2025-12-03,LB,P_to_LB,12.301163586584531
95998,2008-08-28,LB,2025-12-22,VUS,LB_to_VUS,17.31690622861054
126498,2014-02-06,P,2025-03-06,LP,P_to_LP,11.077344284736482
132724,2015-02-23,LB,2026-03-19,B,LB_to_B,11.066392881587953
134470,2018-01-12,B,2025-10-14,LB,B_to_LB,7.753593429158111
134471,2018-01-13,B,2025-02-16,LB,B_to_LB,7.093771389459275
136100,2015-01-16,LB,2026-02-03,B,LB_to_B,11.049965776865161
136106,2022-01-27,B,2026-01-28,LB,B_to_LB,4.002737850787132
136107,2015-06-14,LB,2026-02-03,B,LB_to_B,10.642026009582478
136116,2015-12-10,VUS,2026-02-04,B,VUS_to_B,10.154688569472963
136123,2015-12-04,LB,2026-01-21,B,LB_to_B,10.132785763175907
155929,2014-09-01,P,2024-10-09,VUS,P_to_VUS,10.105407255304586
163432,2012-04-30,LB,2026-01-22,B,LB_to_B,13.730321697467488
180157,2014-11-01,LP,2024-05-25,P,LP_to_P,9.56331279945243
184610,2016-09-06,LB,2026-02-03,B,LB_to_B,9.409993155373032
188268,2015-06-09,LB,2026-01-07,B,LB_to_B,10.581793292265571
188305,2016-03-02,VUS,2026-01-26,LB,VUS_to_LB,9.902806297056811
194804,2016-12-29,LB,2026-01-26,B,LB_to_B,9.075975359342916
194984,2014-10-20,LB,2026-02-01,B,LB_to_B,11.285420944558522
196712,2015-01-28,LB,2026-01-24,B,LB_to_B,10.989733059548255
197016,2014-12-12,B,2026-02-03,LB,B_to_LB,11.145790554414784
208456,2013-05-01,P,2021-07-30,VUS,P_to_VUS,8.24640657084189
208527,2015-08-06,P,2018-08-24,LP,P_to_LP,3.049965776865161
208528,2015-08-06,P,2025-07-07,VUS,P_to_VUS,9.919233401779604
208559,2014-09-24,P,2018-02-28,LP,P_to_LP,3.430527036276523
215531,2015-08-10,LB,2026-02-02,B,LB_to_B,10.483230663928817
217287,2015-10-19,P,2025-07-12,LP,P_to_LP,9.730321697467488
218509,2015-03-06,LB,2026-01-06,B,LB_to_B,10.839151266255989
219833,2017-01-27,LB,2026-01-01,B,LB_to_B,8.928131416837783
220254,2015-01-30,LB,2026-01-28,B,LB_to_B,10.99520876112252
220507,2016-03-02,LB,2025-11-26,B,LB_to_B,9.735797399041752
227367,2012-04-30,LB,2025-12-10,B,LB_to_B,13.612594113620808
235757,2015-09-28,LB,2026-02-04,B,LB_to_B,10.354551676933607
241332,2016-06-27,LB,2026-01-26,B,LB_to_B,9.582477754962355
241344,2020-05-22,LB,2025-02-26,B,LB_to_B,4.766598220396989
241347,2015-11-09,LB,2026-01-31,B,LB_to_B,10.22861054072553
241349,2021-09-01,B,2026-01-25,LB,B_to_LB,4.399726214921286
241365,2021-09-20,B,2026-01-04,LB,B_to_LB,4.290212183436003
256807,2018-01-13,LB,2026-01-19,B,LB_to_B,8.016427104722792
258870,2016-08-19,B,2026-03-01,LB,B_to_LB,9.530458590006845
258873,2015-12-22,B,2026-02-01,LB,B_to_LB,10.113620807665983
258874,2014-11-12,LB,2026-01-31,B,LB_to_B,11.219712525667351
258876,2020-04-07,B,2025-11-06,LB,B_to_LB,5.582477754962355
258877,2016-04-11,B,2026-01-25,LB,B_to_LB,9.790554414784394
261119,2019-12-01,LB,2024-06-06,B,LB_to_B,4.514715947980835
261123,2021-07-08,LB,2023-08-29,B,LB_to_B,2.1409993155373033
261124,2018-07-14,B,2026-04-06,LB,B_to_LB,7.728952772073922
261128,2018-09-26,LB,2026-01-28,B,LB_to_B,7.340177960301164
261133,2019-01-04,B,2026-03-30,LB,B_to_LB,7.233401779603011
261151,2017-05-24,LB,2026-02-04,B,LB_to_B,8.700889801505818
261153,2017-05-24,LB,2026-02-04,B,LB_to_B,8.700889801505818
261169,2018-07-14,B,2026-03-31,LB,B_to_LB,7.712525667351129
261800,2017-09-18,LB,2026-02-04,B,LB_to_B,8.380561259411362
274004,2016-11-18,P,2025-03-12,VUS,P_to_VUS,8.31211498973306
281467,2015-06-25,B,2026-03-24,LB,B_to_LB,10.746064339493497
281468,2015-06-25,B,2026-01-26,LB,B_to_LB,10.590006844626968
285269,2016-01-27,LB,2025-12-25,B,LB_to_B,9.911019849418206
285788,2016-02-05,P,2024-02-16,LP,P_to_LP,8.030116358658454
286096,2016-02-26,LB,2026-01-05,B,LB_to_B,9.859000684462696
289291,2016-08-04,LB,2026-01-26,B,LB_to_B,9.478439425051334
294956,2016-12-12,LB,2026-02-03,B,LB_to_B,9.144421629021219
294959,2017-02-13,LB,2026-02-01,B,LB_to_B,8.966461327857632
294964,2018-01-13,B,2026-02-01,LB,B_to_LB,8.05201916495551
296081,2018-01-12,VUS,2019-10-28,LB,VUS_to_LB,1.7905544147843941
299936,2018-01-13,B,2018-01-13,LB,B_to_LB,0.0
299937,2018-01-13,B,2021-05-15,LB,B_to_LB,3.3347022587268995
301105,2018-01-12,B,2018-12-22,LB,B_to_LB,0.9418206707734429
301116,2018-01-12,B,2018-06-16,LB,B_to_LB,0.4243668720054757
301125,2018-01-13,B,2025-09-18,LB,B_to_LB,7.6796714579055445
301126,2018-01-13,B,2025-12-01,LB,B_to_LB,7.882272416153319
301127,2018-01-13,B,2025-11-19,LB,B_to_LB,7.8494182067077345
301133,2019-08-06,B,2025-09-10,LB,B_to_LB,6.09719370294319
301142,2018-01-12,B,2023-03-01,LB,B_to_LB,5.130732375085558
310276,2018-01-12,VUS,2021-08-09,LB,VUS_to_LB,3.572895277207392
310304,2018-01-13,LB,2026-01-29,B,LB_to_B,8.043805612594113
310306,2018-01-13,LB,2026-01-21,B,LB_to_B,8.021902806297057
310309,2018-01-13,LB,2026-01-27,B,LB_to_B,8.038329911019849
311971,2018-01-13,LB,2026-02-04,B,LB_to_B,8.060232717316905
311977,2018-01-13,LB,2026-02-04,B,LB_to_B,8.060232717316905
311996,2018-01-13,LB,2026-02-04,B,LB_to_B,8.060232717316905
312017,2021-08-11,LB,2026-01-28,B,LB_to_B,4.465434633812457
312039,2018-01-13,LB,2026-01-28,B,LB_to_B,8.041067761806982
312083,2018-01-13,LB,2023-05-01,B,LB_to_B,5.295003422313484
313336,2018-01-13,LB,2018-01-13,B,LB_to_B,0.0
313444,2018-01-13,B,2018-01-13,LB,B_to_LB,0.0
313445,2018-01-13,LB,2018-01-13,B,LB_to_B,0.0
313456,2018-01-13,LB,2018-01-13,B,LB_to_B,0.0
313460,2018-01-13,B,2018-12-22,LB,B_to_LB,0.9390828199863107
313466,2018-01-13,LB,2026-01-05,B,LB_to_B,7.9780971937029435
313467,2018-01-13,LB,2018-01-13,B,LB_to_B,0.0
313470,2018-01-13,B,2018-01-13,LB,B_to_LB,0.0
313472,2018-01-12,B,2018-01-12,LB,B_to_LB,0.0
318282,2017-04-28,LB,2025-12-31,B,LB_to_B,8.676249144421629
318287,2018-01-13,B,2025-11-01,LB,B_to_LB,7.800136892539356
318293,2021-08-10,LB,2025-12-30,B,LB_to_B,4.388774811772758
318296,2018-06-01,LB,2026-01-19,B,LB_to_B,7.6358658453114305
322942,2018-01-12,LB,2024-08-25,VUS,LB_to_VUS,6.617385352498289
322945,2017-04-28,LB,2025-12-22,B,LB_to_B,8.65160848733744
324361,2017-04-27,LB,2026-01-06,B,LB_to_B,8.695414099931554
324386,2017-04-27,LB,2026-01-26,B,LB_to_B,8.750171115674195
324410,2018-01-13,LB,2026-01-12,B,LB_to_B,7.997262149212868
324420,2018-01-12,LB,2026-01-08,B,LB_to_B,7.989048596851472
341969,2018-01-12,LB,2019-12-31,B,LB_to_B,1.9657768651608487
341971,2018-01-13,LB,2019-12-31,B,LB_to_B,1.9630390143737166
341972,2017-04-27,LB,2019-12-31,B,LB_to_B,2.6776180698151952
341975,2018-01-13,VUS,2022-02-08,LB,VUS_to_LB,4.071184120465435
341980,2018-01-12,LB,2019-12-31,B,LB_to_B,1.9657768651608487
341983,2017-12-04,B,2018-01-13,LB,B_to_LB,0.10951403148528405
346687,2017-04-28,LB,2026-02-01,B,LB_to_B,8.763860369609857
346696,2018-01-13,B,2025-11-09,LB,B_to_LB,7.822039698836414
346699,2018-01-12,B,2025-12-21,LB,B_to_LB,7.939767282683094
346700,2018-01-13,B,2025-06-12,LB,B_to_LB,7.411362080766598
346701,2018-01-13,B,2022-05-04,LB,B_to_LB,4.303901437371663
346708,2018-01-12,B,2023-12-05,LB,B_to_LB,5.894592744695414
346712,2018-01-12,B,2025-07-20,LB,B_to_LB,7.51813826146475
346714,2018-01-13,B,2025-12-26,LB,B_to_LB,7.950718685831622
349654,2018-01-13,LB,2026-01-28,B,LB_to_B,8.041067761806982
349682,2017-02-27,LB,2026-01-28,B,LB_to_B,8.917180013689254
349686,2018-01-13,LB,2026-02-02,B,LB_to_B,8.054757015742641
349719,2018-01-12,LB,2026-01-28,B,LB_to_B,8.043805612594113
349721,2018-01-13,LB,2026-02-02,B,LB_to_B,8.054757015742641
349735,2018-01-13,LB,2026-01-28,B,LB_to_B,8.041067761806982
349746,2018-01-12,LB,2026-01-23,B,LB_to_B,8.030116358658454
349747,2018-01-13,LB,2026-02-01,B,LB_to_B,8.05201916495551
349768,2018-01-13,LB,2026-01-28,B,LB_to_B,8.041067761806982
349771,2018-01-13,LB,2026-01-25,B,LB_to_B,8.032854209445585
349793,2018-01-13,LB,2026-01-26,B,LB_to_B,8.035592060232718
349800,2018-01-13,LB,2026-01-19,B,LB_to_B,8.016427104722792
363646,2018-01-12,B,2020-06-12,LB,B_to_LB,2.414784394250513
363648,2018-01-13,B,2026-01-05,LB,B_to_LB,7.9780971937029435
363654,2018-01-12,LB,2025-12-15,B,LB_to_B,7.923340177960301
363664,2018-01-13,LB,2018-01-13,B,LB_to_B,0.0
363665,2018-01-13,LB,2018-01-13,B,LB_to_B,0.0
366099,2018-01-12,LB,2026-01-16,B,LB_to_B,8.010951403148528
366119,2016-11-01,B,2025-12-15,LB,B_to_LB,9.119780971937029
372086,2016-07-28,LB,2026-01-24,B,LB_to_B,9.492128678986996
372092,2016-09-07,LB,2025-02-01,B,LB_to_B,8.402464065708418
372098,2016-10-25,LB,2026-01-28,B,LB_to_B,9.259411362080767
373424,2016-11-28,LP,2025-06-06,P,LP_to_P,8.5201916495551
377055,2017-01-12,B,2024-02-08,LB,B_to_LB,7.0718685831622174
377967,2016-11-02,LB,2024-12-06,B,LB_to_B,8.093086926762492
378846,2015-05-06,LB,2019-06-28,B,LB_to_B,4.145106091718001
379291,2015-04-23,LB,2026-01-18,B,LB_to_B,10.740588637919233
384591,2020-12-24,LP,2024-09-19,VUS,LP_to_VUS,3.7371663244353184
389515,2016-09-21,LB,2025-11-23,B,LB_to_B,9.17180013689254
392411,2017-01-09,LP,2019-07-06,P,LP_to_P,2.485968514715948
413453,2021-06-28,LB,2025-02-26,B,LB_to_B,3.6659822039698837
413471,2021-10-18,B,2025-11-05,LB,B_to_LB,4.049281314168378
419700,2015-09-09,P,2022-03-26,LP,P_to_LP,6.543463381245722
429714,2017-05-15,P,2021-11-19,LP,P_to_LP,4.514715947980835
429788,2021-12-23,LP,2025-07-21,P,LP_to_P,3.575633127994524
430489,2019-06-27,B,2026-03-30,LB,B_to_LB,6.757015742642026
430696,2016-11-02,P,2024-04-05,LP,P_to_LP,7.422313483915127
441279,2005-07-01,P,2022-08-03,LP,P_to_LP,17.089664613278575
445627,2017-05-30,LB,2026-01-27,B,LB_to_B,8.66255989048597
445688,2017-04-20,LB,2025-08-01,B,LB_to_B,8.281998631074606
445933,2017-08-31,LB,2026-02-01,B,LB_to_B,8.421629021218344
446167,2015-02-03,LP,2022-02-03,P,LP_to_P,7.000684462696783
459256,2022-04-14,P,2022-08-01,LP,P_to_LP,0.29842573579739906
463526,2020-06-30,LB,2026-01-06,B,LB_to_B,5.519507186858316
480782,2016-06-10,LB,2025-02-27,B,LB_to_B,8.71731690622861
486330,2017-07-25,LB,2025-02-27,B,LB_to_B,7.594798083504449
496815,2018-02-26,VUS,2026-01-26,B,VUS_to_B,7.915126625598905
496847,2017-02-09,B,2020-04-28,LB,B_to_LB,3.2142368240930868
497434,2016-10-05,LB,2026-02-02,B,LB_to_B,9.32785763175907
498506,2016-11-23,LB,2026-01-25,B,LB_to_B,9.17180013689254
499147,2016-12-08,P,2025-05-19,LP,P_to_LP,8.4435318275154
504571,2017-01-25,LB,2026-01-15,B,LB_to_B,8.971937029431896
512355,2020-12-15,LB,2026-01-24,B,LB_to_B,5.108829568788501
513653,2020-11-04,LB,2025-11-12,B,LB_to_B,5.021218343600274
514988,2020-09-16,LB,2025-12-29,B,LB_to_B,5.284052019164956
516123,2021-03-04,LB,2026-02-01,B,LB_to_B,4.914442162902122
517597,2019-03-01,B,2025-11-19,LB,B_to_LB,6.721423682409308
521427,2016-12-12,P,2025-02-11,LP,P_to_LP,8.167008898015059
522066,2017-09-18,P,2025-06-26,LP,P_to_LP,7.770020533880904
522400,2017-08-03,P,2023-11-30,LP,P_to_LP,6.324435318275154
523570,2017-01-01,P,2022-12-30,LP,P_to_LP,5.993155373032169
543766,2020-11-27,LB,2025-02-25,B,LB_to_B,4.246406570841889
546997,2020-11-24,B,2026-04-16,LB,B_to_LB,5.390828199863107
559144,2016-02-23,LB,2026-01-27,B,LB_to_B,9.927446954140999
559147,2016-02-19,VUS,2026-03-01,LB,VUS_to_LB,10.028747433264886
559148,2016-02-23,VUS,2026-01-27,B,VUS_to_B,9.927446954140999
559153,2018-03-19,LB,2025-12-23,B,LB_to_B,7.7645448323066395
559155,2016-02-25,LB,2026-03-01,B,LB_to_B,10.012320328542094
562380,2018-09-16,LP,2022-08-27,P,LP_to_P,3.9452429842573578
562383,2018-09-16,LP,2021-01-09,VUS,LP_to_VUS,2.316221765913758
562392,2018-09-16,LP,2024-08-28,VUS,LP_to_VUS,5.949349760438056
562404,2018-09-16,LP,2024-04-14,P,LP_to_P,5.577002053388091
586923,2018-02-02,P,2022-03-15,LP,P_to_LP,4.112251882272417
591327,2018-09-16,VUS,2025-10-01,P,VUS_to_P,7.041752224503765
591834,2018-09-16,VUS,2025-07-11,LP,VUS_to_LP,6.8172484599589325
591936,2018-09-16,VUS,2023-07-21,P,VUS_to_P,4.843258042436688
592044,2018-09-16,VUS,2023-06-15,P,VUS_to_P,4.744695414099931
594637,2017-11-14,LB,2026-01-26,B,LB_to_B,8.199863107460644
595461,2017-12-21,LP,2024-11-05,P,LP_to_P,6.874743326488707
596384,2018-03-27,LB,2025-09-08,B,LB_to_B,7.452429842573579
599533,2001-11-18,P,2024-08-09,VUS,P_to_VUS,22.72416153319644
599633,2013-01-01,LP,2025-10-14,VUS,LP_to_VUS,12.78302532511978
620314,2023-04-26,P,2024-12-31,LP,P_to_LP,1.6837782340862424
623172,2017-11-21,LP,2024-02-17,P,LP_to_P,6.239561943874059
624235,2018-12-11,B,2026-04-21,LB,B_to_LB,7.359342915811088
633688,2018-09-16,VUS,2021-01-09,LB,VUS_to_LB,2.316221765913758
635607,2019-07-06,P,2024-06-03,LP,P_to_LP,4.91170431211499
635631,2019-07-06,P,2024-05-09,LP,P_to_LP,4.843258042436688
635633,2019-07-06,P,2022-07-09,LP,P_to_LP,3.0088980150581794
635640,2019-07-06,LP,2023-03-27,P,LP_to_P,3.7234770704996576
635647,2019-07-06,P,2023-01-15,LP,P_to_LP,3.5290896646132786
635668,2018-12-14,LP,2025-10-31,P,LP_to_P,6.880219028062971
635675,2019-07-06,P,2023-01-25,LP,P_to_LP,3.5564681724845997
635684,2019-07-06,P,2024-07-30,LP,P_to_LP,5.06776180698152
635689,2019-07-06,P,2024-10-07,LP,P_to_LP,5.256673511293634
658717,2018-11-27,LP,2025-04-16,P,LP_to_P,6.38466803559206
667374,2017-08-21,LP,2024-02-13,P,LP_to_P,6.480492813141684
668435,2018-06-08,LB,2026-01-19,B,LB_to_B,7.616700889801506
679372,2018-06-16,LB,2026-01-01,B,LB_to_B,7.545516769336071
684621,2015-05-31,P,2020-05-28,VUS,P_to_VUS,4.993839835728953
684622,2015-05-31,P,2020-05-28,VUS,P_to_VUS,4.993839835728953
695249,2021-08-31,LB,2026-02-01,B,LB_to_B,4.421629021218344
697785,2020-12-11,LB,2026-01-14,B,LB_to_B,5.092402464065708
702098,2018-01-13,LB,2026-02-04,B,LB_to_B,8.060232717316905
702387,2021-10-11,LB,2026-01-28,B,LB_to_B,4.298425735797399
702618,2022-11-06,LB,2025-08-30,B,LB_to_B,2.8145106091718
702837,2022-02-23,LB,2025-01-24,B,LB_to_B,2.91854893908282
703312,2021-12-08,LB,2025-07-17,B,LB_to_B,3.6057494866529773
704319,2023-05-09,LB,2025-06-12,B,LB_to_B,2.0944558521560577
705326,2017-12-13,LB,2025-02-27,B,LB_to_B,7.208761122518823
705367,2018-01-13,LB,2026-01-24,B,LB_to_B,8.030116358658454
705404,2021-08-17,LB,2025-06-12,B,LB_to_B,3.8193018480492813
706005,2020-03-13,LB,2026-01-31,B,LB_to_B,5.886379192334018
706216,2019-05-22,LB,2026-01-26,B,LB_to_B,6.683093771389459
707348,2020-03-27,LB,2025-12-24,B,LB_to_B,5.7440109514031485
708640,2021-01-22,LB,2025-12-13,B,LB_to_B,4.889801505817933
710136,2019-07-24,B,2019-12-31,LB,B_to_LB,0.4380561259411362
715246,2019-12-31,B,2024-05-01,LB,B_to_LB,4.334017796030117
715582,2023-04-01,LB,2025-12-25,B,LB_to_B,2.735112936344969
716933,2019-04-15,LB,2025-11-04,B,LB_to_B,6.5571526351813825
721168,2018-01-13,LB,2019-12-31,B,LB_to_B,1.9630390143737166
721857,2025-07-01,LB,2026-01-27,B,LB_to_B,0.5749486652977412
722602,2025-03-05,LB,2025-12-26,B,LB_to_B,0.810403832991102
725157,2018-01-17,LB,2022-06-01,B,LB_to_B,4.369609856262834
725673,2018-01-13,LB,2026-01-24,B,LB_to_B,8.030116358658454
726972,2018-01-13,LB,2026-01-02,B,LB_to_B,7.969883641341547
728157,2021-07-18,LB,2025-10-13,B,LB_to_B,4.238193018480493
728571,2018-01-13,LB,2026-01-31,B,LB_to_B,8.049281314168377
729081,2017-12-04,B,2019-06-07,LB,B_to_LB,1.5058179329226558
729285,2021-11-30,LB,2026-01-19,B,LB_to_B,4.136892539356605
729497,2021-11-04,LB,2025-12-11,B,LB_to_B,4.101300479123887
730903,2021-10-11,LB,2025-10-09,B,LB_to_B,3.994524298425736
731749,2017-04-27,B,2026-03-01,LB,B_to_LB,8.843258042436688
731820,2017-12-12,LB,2019-12-31,B,LB_to_B,2.0506502395619437
733026,2016-12-12,LB,2026-01-16,B,LB_to_B,9.095140314852841
734237,2021-11-19,LB,2025-08-04,B,LB_to_B,3.707049965776865
737325,2019-06-20,LB,2025-11-11,B,LB_to_B,6.395619438740589
740519,2021-08-16,LB,2026-01-24,B,LB_to_B,4.440793976728268
746694,2019-07-31,B,2026-01-01,LB,B_to_LB,6.422997946611909
746864,2025-09-14,LB,2025-09-30,B,LB_to_B,0.04380561259411362
754825,2019-03-26,LB,2026-01-13,B,LB_to_B,6.803559206023272
755481,2023-05-15,LB,2025-02-26,B,LB_to_B,1.787816563997262
760115,2022-04-04,LB,2025-02-26,B,LB_to_B,2.8993839835728954
765190,2021-04-19,LB,2025-02-26,B,LB_to_B,3.8576317590691307
770448,2018-01-12,LB,2026-01-02,B,LB_to_B,7.972621492128679
772452,2021-07-29,LB,2025-12-21,B,LB_to_B,4.396988364134154
772909,2017-04-27,B,2026-01-19,LB,B_to_LB,8.731006160164272
772959,2021-08-05,LB,2025-12-29,B,LB_to_B,4.399726214921286
774278,2019-12-31,B,2025-08-18,LB,B_to_LB,5.631759069130732
778721,2018-01-12,LB,2026-01-23,B,LB_to_B,8.030116358658454
779107,2021-07-07,LB,2026-02-03,B,LB_to_B,4.577686516084873
780089,2025-05-01,LB,2025-12-31,B,LB_to_B,0.6680355920602327
780090,2025-05-01,LB,2025-12-31,B,LB_to_B,0.6680355920602327
781192,2021-08-17,LB,2026-01-10,B,LB_to_B,4.399726214921286
781193,2025-03-01,LB,2026-01-06,B,LB_to_B,0.8514715947980835
781779,2019-12-31,B,2025-06-01,LB,B_to_LB,5.418206707734429
783031,2023-11-01,LB,2025-12-23,B,LB_to_B,2.1437371663244353
784210,2020-07-08,LB,2026-01-24,B,LB_to_B,5.546885694729637
785842,2019-12-31,B,2025-08-18,LB,B_to_LB,5.631759069130732
787067,2019-03-28,B,2025-12-31,LB,B_to_LB,6.76249144421629
788524,2021-09-01,LB,2026-01-28,B,LB_to_B,4.407939767282683
789096,2018-01-13,LB,2025-12-21,B,LB_to_B,7.9370294318959616
790840,2025-08-18,LB,2026-01-05,B,LB_to_B,0.38329911019849416
793475,2020-11-20,LB,2026-01-25,B,LB_to_B,5.1800136892539355
793480,2018-01-13,LB,2025-04-12,B,LB_to_B,7.24435318275154
794069,2018-01-13,LB,2026-01-28,B,LB_to_B,8.041067761806982
800599,2019-05-24,B,2021-05-23,LB,B_to_LB,1.998631074606434
805641,2018-12-21,B,2026-01-26,LB,B_to_LB,7.099247091033539
807521,2017-09-15,LP,2024-07-01,P,LP_to_P,6.792607802874743
807976,2019-05-01,LB,2024-10-24,B,LB_to_B,5.4839151266255985
809896,2019-09-26,LB,2026-01-28,B,LB_to_B,6.3408624229979464
809899,2019-05-19,LB,2026-02-02,B,LB_to_B,6.71047227926078
809909,2019-03-19,LB,2026-01-19,B,LB_to_B,6.839151266255989
817557,2019-10-01,P,2024-11-05,LP,P_to_LP,5.0978781656399725
820303,2019-08-08,P,2025-06-16,LP,P_to_LP,5.856262833675565
820691,2019-08-12,LB,2025-02-26,B,LB_to_B,5.544147843942505
821338,2019-09-25,LB,2025-02-27,B,LB_to_B,5.426420260095825
822779,2019-10-01,LB,2025-02-25,B,LB_to_B,5.404517453798768
829843,2019-05-23,VUS,2024-11-05,P,VUS_to_P,5.456536618754278
834788,2021-11-04,P,2024-11-05,LP,P_to_LP,3.0034223134839153
870395,2018-08-28,P,2024-11-01,LP,P_to_LP,6.179329226557153
871711,2021-05-05,P,2024-03-12,LP,P_to_LP,2.8528405201916494
871758,2019-04-01,P,2026-03-29,LP,P_to_LP,6.992470910335387
877499,2018-01-13,B,2023-04-03,LB,B_to_LB,5.218343600273785
878526,2018-01-13,VUS,2022-06-27,LB,VUS_to_LB,4.4517453798767965
881238,2018-01-13,LB,2026-02-01,B,LB_to_B,8.05201916495551
881588,2018-01-13,LB,2018-01-13,B,LB_to_B,0.0
881630,2018-01-12,LB,2018-01-12,B,LB_to_B,0.0
882199,2018-01-13,B,2018-01-13,LB,B_to_LB,0.0
883642,2018-01-12,LB,2026-02-01,B,LB_to_B,8.054757015742641
889650,2018-01-12,LB,2026-01-18,B,LB_to_B,8.016427104722792
889651,2018-01-13,LB,2025-12-23,B,LB_to_B,7.942505133470226
891018,2017-04-27,LB,2026-01-26,B,LB_to_B,8.750171115674195
891019,2018-01-13,LB,2022-06-27,B,LB_to_B,4.4517453798767965
902580,2018-01-13,LB,2019-07-01,B,LB_to_B,1.462012320328542
905141,2018-01-12,LB,2026-01-26,B,LB_to_B,8.038329911019849
906417,2018-01-13,LB,2026-01-31,B,LB_to_B,8.049281314168377
910386,2018-01-13,B,2018-08-06,LB,B_to_LB,0.5612594113620808
912681,2018-01-12,LB,2026-01-25,B,LB_to_B,8.035592060232718
914320,2018-01-13,LB,2025-08-10,B,LB_to_B,7.572895277207392
914644,2018-01-12,LB,2025-12-28,B,LB_to_B,7.958932238193018
916522,2020-03-01,LB,2025-12-01,B,LB_to_B,5.752224503764545
916651,2018-09-14,P,2024-02-03,LP,P_to_LP,5.388090349075975
916656,2018-09-14,P,2023-03-29,LP,P_to_LP,4.5366187542778915
916657,2003-06-01,P,2023-08-15,LP,P_to_LP,20.205338809034906
916658,2018-09-14,LP,2018-10-24,VUS,LP_to_VUS,0.10951403148528405
916663,2018-09-14,P,2025-07-21,LP,P_to_LP,6.850102669404517
916665,2018-09-14,P,2023-12-20,LP,P_to_LP,5.2648870636550305
950459,2022-08-13,LB,2025-02-27,B,LB_to_B,2.543463381245722
957904,2019-11-06,P,2023-03-14,LP,P_to_LP,3.351129363449692
974505,2020-02-01,LP,2023-07-24,P,LP_to_P,3.4743326488706368
979080,2018-10-15,LP,2024-02-23,P,LP_to_P,5.3579739904175225
988100,2019-06-26,LP,2024-06-27,P,LP_to_P,5.004791238877481
988177,2017-10-27,VUS,2023-12-28,P,VUS_to_P,6.168377823408624
988178,2018-01-12,VUS,2024-06-17,LB,VUS_to_LB,6.4284736481861735
993017,2020-10-11,LP,2025-09-10,P,LP_to_P,4.914442162902122
995966,2018-08-24,LP,2021-01-09,VUS,LP_to_VUS,2.379192334017796
996330,2022-07-21,LP,2025-02-26,P,LP_to_P,2.6036960985626285
1069381,2021-03-29,P,2024-06-25,LP,P_to_LP,3.241615331964408
1069545,2022-07-21,LP,2025-09-03,P,LP_to_P,3.1211498973305956
1097116,2023-12-27,LB,2025-02-26,B,LB_to_B,1.1690622861054072
1097431,2022-01-18,LB,2025-02-27,B,LB_to_B,3.1101984941820673
1097859,2020-03-16,LB,2025-02-27,B,LB_to_B,4.952772073921971
1106240,2021-09-02,B,2026-01-18,LB,B_to_LB,4.37782340862423
1108411,2020-01-24,LB,2025-02-27,B,LB_to_B,5.0951403148528405
1108930,2022-08-07,LB,2025-02-26,B,LB_to_B,2.5571526351813825
1112610,2021-01-01,LB,2025-02-27,B,LB_to_B,4.15605749486653
1120533,2020-03-09,LB,2025-02-27,B,LB_to_B,4.971937029431896
1126022,2020-06-16,LB,2025-02-26,B,LB_to_B,4.698151950718686
1140038,2025-02-26,B,2025-08-02,LB,B_to_LB,0.42984257357973993
1146110,2019-01-30,LB,2025-02-25,B,LB_to_B,6.072553045859
1149215,2022-09-06,LB,2025-02-27,B,LB_to_B,2.4777549623545516
1164491,2021-09-29,LB,2026-01-01,B,LB_to_B,4.257357973990418
1165466,2021-07-21,LB,2026-01-16,B,LB_to_B,4.490075290896646
1166918,2024-06-19,LB,2025-05-01,B,LB_to_B,0.865160848733744
1169662,2022-11-06,LB,2025-12-02,B,LB_to_B,3.0718685831622174
1178409,2018-12-01,LB,2026-02-04,B,LB_to_B,7.17864476386037
1179279,2020-09-23,B,2026-03-30,LB,B_to_LB,5.514031485284052
1182904,2019-01-16,LB,2026-01-19,B,LB_to_B,7.008898015058179
1186026,2020-07-10,LB,2026-02-04,B,LB_to_B,5.5715263518138265
1186270,2019-11-22,LB,2025-07-16,B,LB_to_B,5.648186173853525
1188758,2019-03-29,B,2026-02-01,LB,B_to_LB,6.847364818617385
1189460,2020-08-27,LB,2026-01-11,B,LB_to_B,5.374401095140315
1190129,2019-05-24,LB,2026-01-28,B,LB_to_B,6.683093771389459
1190298,2021-06-24,LB,2026-01-28,B,LB_to_B,4.596851471594798
1193624,2019-06-06,LB,2026-01-20,B,LB_to_B,6.625598904859685
1195094,2019-08-10,LB,2021-07-15,B,LB_to_B,1.9301848049281314
1196848,2022-10-14,LP,2025-11-10,P,LP_to_P,3.07460643394935
1197774,2018-07-14,LB,2023-09-14,B,LB_to_B,5.169062286105407
1198059,2018-07-14,LB,2024-03-28,VUS,LB_to_VUS,5.705681040383299
1199862,2020-12-09,LB,2025-08-19,B,LB_to_B,4.692676249144422
1200245,2018-07-09,LB,2024-06-17,B,LB_to_B,5.94113620807666
1200395,2020-09-25,LB,2026-01-31,B,LB_to_B,5.349760438056126
1201053,2019-08-30,LB,2024-01-03,B,LB_to_B,4.344969199178645
1201147,2018-07-20,LB,2026-01-01,B,LB_to_B,7.452429842573579
1201535,2019-03-07,B,2026-04-06,LB,B_to_LB,7.082819986310746
1208037,2018-07-09,LB,2026-03-01,B,LB_to_B,7.644079397672827
1211473,2020-09-25,LB,2026-01-31,B,LB_to_B,5.349760438056126
1214153,2023-03-01,LB,2026-01-17,B,LB_to_B,2.8829568788501025
1215689,2020-09-08,LB,2025-12-08,B,LB_to_B,5.248459958932238
1215698,2019-07-11,LB,2026-01-20,B,LB_to_B,6.529774127310062
1215804,2019-03-22,B,2026-03-31,LB,B_to_LB,7.025325119780972
1218094,2020-11-10,LB,2026-01-29,B,LB_to_B,5.218343600273785
1218111,2019-04-29,LB,2026-01-24,B,LB_to_B,6.740588637919234
1218126,2018-10-04,LB,2026-02-01,B,LB_to_B,7.329226557152635
1219126,2020-10-06,LB,2026-01-28,B,LB_to_B,5.3114305270362765
1223473,2020-12-10,LB,2026-02-04,B,LB_to_B,5.152635181382615
1224786,2015-03-03,B,2025-03-04,LB,B_to_LB,10.004106776180699
1226831,2019-01-01,LB,2026-01-28,B,LB_to_B,7.0746064339493495
1231110,2019-01-10,B,2026-04-06,LB,B_to_LB,7.236139630390143
1243603,2018-09-05,B,2026-03-30,LB,B_to_LB,7.564681724845996
1244483,2019-10-02,LB,2025-07-06,B,LB_to_B,5.760438056125941
1252033,2021-04-29,P,2024-03-17,LP,P_to_LP,2.8829568788501025
1258568,2019-01-04,B,2026-03-31,LB,B_to_LB,7.236139630390143
1260789,2019-04-19,B,2026-03-30,LB,B_to_LB,6.945927446954141
1261438,2020-10-28,B,2023-06-16,LB,B_to_LB,2.631074606433949
1263255,2018-10-30,B,2026-04-15,LB,B_to_LB,7.457905544147844
1264472,2018-07-09,B,2022-05-11,LB,B_to_LB,3.838466803559206
1265285,2020-03-09,B,2024-01-22,LB,B_to_LB,3.871321013004791
1265603,2020-10-08,B,2025-03-16,LB,B_to_LB,4.435318275154004
1266597,2019-03-04,LB,2026-02-04,B,LB_to_B,6.924024640657084
1270493,2020-12-29,B,2024-10-09,LB,B_to_LB,3.7782340862423
1282736,2020-11-06,B,2025-11-15,LB,B_to_LB,5.023956194387406
1285149,2022-03-08,LB,2025-12-08,B,LB_to_B,3.753593429158111
1301541,2020-08-17,VUS,2022-12-17,LP,VUS_to_LP,2.3326488706365502
1302906,2023-05-08,LP,2024-05-08,P,LP_to_P,1.002053388090349
1307713,2019-08-13,VUS,2024-09-26,LP,VUS_to_LP,5.122518822724161
1322940,2020-01-30,P,2024-05-26,LP,P_to_LP,4.3203285420944555
1323700,2019-12-12,P,2025-12-23,LP,P_to_LP,6.031485284052019
1326137,2022-06-23,LP,2025-06-06,P,LP_to_P,2.954140999315537
1328008,2023-05-01,LB,2025-10-15,B,LB_to_B,2.458590006844627
1328010,2019-07-18,LB,2026-01-24,B,LB_to_B,6.521560574948666
1331163,2021-01-16,LB,2025-06-12,B,LB_to_B,4.402464065708419
1333293,2022-01-03,LP,2024-12-01,P,LP_to_P,2.9103353867214237
1336915,2018-11-09,VUS,2022-06-09,LB,VUS_to_LB,3.5811088295687883
1341519,2022-02-14,LP,2025-03-23,P,LP_to_P,3.1019849418206706
1341604,2020-01-15,LB,2026-01-28,B,LB_to_B,6.036960985626283
1341676,2022-02-14,LP,2025-11-06,P,LP_to_P,3.7262149212867897
1343039,2021-07-14,LP,2025-11-06,P,LP_to_P,4.314852840520191
1344610,2018-08-24,LP,2024-02-14,VUS,LP_to_VUS,5.475701574264202
1344655,2019-02-14,LP,2024-06-21,VUS,LP_to_VUS,5.349760438056126
1344656,2019-02-14,LP,2024-04-24,VUS,LP_to_VUS,5.190965092402464
1351546,2020-11-15,P,2021-10-17,LP,P_to_LP,0.919917864476386
1358557,2023-04-29,VUS,2024-03-13,LB,VUS_to_LB,0.8733744010951403
1412924,2021-12-12,P,2022-10-03,VUS,P_to_VUS,0.8076659822039699
1415194,2021-05-09,VUS,2023-10-11,LB,VUS_to_LB,2.42299794661191
1457328,2021-07-01,P,2021-07-21,LP,P_to_LP,0.05475701574264202
1532361,2021-07-05,LB,2025-02-27,B,LB_to_B,3.649555099247091
1534616,2022-04-22,LB,2022-09-01,B,LB_to_B,0.3613963039014374
1536162,2021-10-22,LB,2026-01-19,B,LB_to_B,4.243668720054757
1536561,2021-12-29,LB,2026-01-12,B,LB_to_B,4.03832991101985
1537924,2021-10-03,LB,2025-02-26,B,LB_to_B,3.40041067761807
1539234,2021-12-17,LB,2026-02-01,B,LB_to_B,4.125941136208077
1545410,2019-06-20,LB,2025-11-01,B,LB_to_B,6.368240930869268
1551731,2021-09-28,LB,2026-02-02,B,LB_to_B,4.347707049965777
1559983,2025-02-26,LB,2025-11-18,B,LB_to_B,0.7255304585900069
1563415,2021-10-19,LB,2026-01-11,B,LB_to_B,4.229979466119096
1565761,2024-01-18,B,2025-10-01,LB,B_to_LB,1.702943189596167
1568066,2024-12-23,LB,2025-12-06,B,LB_to_B,0.9527720739219713
1569229,2024-09-04,B,2025-10-15,LB,B_to_LB,1.111567419575633
1572234,2025-02-25,B,2025-12-22,LB,B_to_LB,0.8213552361396304
1572827,2021-08-03,LB,2026-01-25,B,LB_to_B,4.479123887748118
1573805,2022-03-22,LB,2025-12-21,B,LB_to_B,3.7508555783709787
1587239,2021-10-27,LB,2025-10-26,B,LB_to_B,3.997262149212868
1595125,2021-12-02,LB,2025-12-06,B,LB_to_B,4.010951403148528
1595913,2022-02-17,LB,2026-02-01,B,LB_to_B,3.9561943874058865
1599136,2021-07-21,LB,2026-02-02,B,LB_to_B,4.5366187542778915
1599927,2021-10-04,LB,2026-01-16,B,LB_to_B,4.284736481861739
1600809,2021-07-23,LB,2026-01-28,B,LB_to_B,4.517453798767967
1600906,2021-07-20,LB,2026-02-02,B,LB_to_B,4.539356605065024
1601252,2019-02-21,LB,2024-12-12,B,LB_to_B,5.806981519507187
1601523,2026-01-27,B,2026-02-01,LB,B_to_LB,0.013689253935660506
1601627,2021-10-28,LB,2026-01-16,B,LB_to_B,4.219028062970568
1602441,2022-01-01,LB,2025-06-04,B,LB_to_B,3.4223134839151266
1606025,2021-10-04,B,2024-05-08,LB,B_to_LB,2.5927446954141
1610640,2022-11-11,LB,2025-02-25,B,LB_to_B,2.291581108829569
1616155,2022-02-01,LB,2025-11-02,B,LB_to_B,3.7508555783709787
1629159,2021-09-14,LB,2026-02-04,B,LB_to_B,4.39151266255989
1631219,2021-06-25,LB,2025-02-27,B,LB_to_B,3.676933607118412
1632289,2021-09-28,LB,2026-01-01,B,LB_to_B,4.26009582477755
1632347,2021-07-23,LB,2025-06-12,B,LB_to_B,3.887748117727584
1636926,2021-10-19,LB,2026-01-25,B,LB_to_B,4.268309377138946
1650584,2021-07-27,LB,2026-01-04,B,LB_to_B,4.440793976728268
1656811,2021-07-19,LB,2025-10-21,B,LB_to_B,4.257357973990418
1662657,2022-06-02,LB,2026-01-24,B,LB_to_B,3.646817248459959
1670311,2022-04-01,LB,2025-09-10,B,LB_to_B,3.4442162902121836
1674103,2021-09-08,LB,2025-02-27,B,LB_to_B,3.4715947980835042
1679304,2021-05-18,P,2021-08-01,LP,P_to_LP,0.2053388090349076
1687536,2022-05-22,LP,2023-05-14,P,LP_to_P,0.9774127310061602
1695281,2022-04-20,LB,2024-09-08,B,LB_to_B,2.3874058863791925
1698351,2022-01-20,LP,2024-06-16,P,LP_to_P,2.403832991101985
1702327,2019-06-18,P,2024-01-04,LP,P_to_LP,4.547570157426421
1711187,2022-06-30,LP,2025-09-22,VUS,LP_to_VUS,3.2306639288158796
1723364,2019-12-17,LB,2025-09-04,VUS,LB_to_VUS,5.716632443531828
1737975,2022-02-14,LB,2025-12-22,B,LB_to_B,3.8521560574948666
1748716,2019-05-30,LB,2025-05-29,VUS,LB_to_VUS,5.9986310746064335
1755305,2022-07-06,LB,2026-01-20,B,LB_to_B,3.542778918548939
1759850,2019-03-04,B,2026-02-01,LB,B_to_LB,6.915811088295688
1762748,2020-05-28,LB,2026-01-20,B,LB_to_B,5.648186173853525
1765364,2020-03-30,LB,2026-01-20,B,LB_to_B,5.809719370294319
1768676,2020-05-20,LB,2025-02-25,B,LB_to_B,4.769336071184121
1776263,2021-06-29,LB,2025-02-25,B,LB_to_B,3.6605065023956196
1777104,2020-01-24,LB,2025-02-25,B,LB_to_B,5.089664613278576
1778745,2022-03-29,LB,2025-02-25,B,LB_to_B,2.9130732375085557
1779883,2022-05-09,LB,2025-02-26,B,LB_to_B,2.8035592060232717
1781969,2021-02-12,LB,2025-02-26,B,LB_to_B,4.03832991101985
1782223,2021-10-04,LB,2025-02-26,B,LB_to_B,3.3976728268309375
1783802,2019-08-24,LB,2025-02-26,B,LB_to_B,5.51129363449692
1784042,2022-07-11,LB,2025-02-26,B,LB_to_B,2.631074606433949
1784634,2020-11-01,LB,2025-02-26,B,LB_to_B,4.3203285420944555
1790299,2021-11-02,LB,2025-02-26,B,LB_to_B,3.3182751540041067
1790735,2019-12-07,LB,2025-02-27,B,LB_to_B,5.2265571526351815
1791242,2019-06-02,LB,2025-02-27,B,LB_to_B,5.7412731006160165
1794014,2020-06-24,LB,2025-02-27,B,LB_to_B,4.678986995208761
1796047,2021-12-15,LB,2025-02-27,B,LB_to_B,3.2032854209445585
1796116,2022-03-23,LB,2025-02-27,B,LB_to_B,2.9349760438056127
1796531,2022-03-25,LB,2026-01-19,B,LB_to_B,3.8220396988364134
1805229,2022-08-29,LP,2022-09-02,P,LP_to_P,0.010951403148528405
1898671,2025-02-16,B,2025-06-02,LB,B_to_LB,0.29021218343600275
1940593,2022-07-23,P,2024-03-02,LP,P_to_LP,1.6098562628336757
1950039,2022-11-22,B,2022-12-19,LB,B_to_LB,0.07392197125256673
1962791,2019-03-26,LB,2025-09-07,B,LB_to_B,6.453114305270363
1990005,2023-07-22,LB,2025-02-27,B,LB_to_B,1.6043805612594113
2024612,2021-11-28,LP,2022-09-02,P,LP_to_P,0.7611225188227242
2042195,2020-12-15,LB,2025-09-13,B,LB_to_B,4.744695414099931
2043711,2025-11-01,LB,2025-12-13,B,LB_to_B,0.11498973305954825
2044138,2019-08-29,LB,2025-07-03,B,LB_to_B,5.845311430527036
2048509,2019-09-19,LB,2025-11-03,B,LB_to_B,6.12457221081451
2052428,2022-03-28,LB,2025-10-03,VUS,LB_to_VUS,3.5181382614647503
2056291,2019-10-28,LB,2024-04-15,B,LB_to_B,4.465434633812457
2058093,2022-08-23,VUS,2024-09-04,LB,VUS_to_LB,2.0342231348391513
2058293,2022-03-21,VUS,2022-03-31,LB,VUS_to_LB,0.02737850787132101
2060525,2022-02-13,LB,2025-06-12,B,LB_to_B,3.326488706365503
2064172,2019-02-21,LB,2025-10-03,VUS,LB_to_VUS,6.614647501711157
2066145,2019-10-28,LB,2025-08-28,B,LB_to_B,5.834360027378508
2066164,2023-12-29,LB,2025-09-20,B,LB_to_B,1.727583846680356
2080344,2022-12-27,LB,2024-04-14,VUS,LB_to_VUS,1.297741273100616
2080859,2024-01-02,LB,2025-09-13,B,LB_to_B,1.6974674880219027
2081850,2022-02-28,LB,2025-11-27,B,LB_to_B,3.7453798767967146
2085623,2022-03-28,LB,2024-06-03,VUS,LB_to_VUS,2.184804928131417
2086859,2022-07-12,LP,2023-12-01,P,LP_to_P,1.3880903490759753
2104116,2022-04-28,P,2024-03-20,LP,P_to_LP,1.894592744695414
2136842,2024-09-28,LP,2026-01-12,P,LP_to_P,1.2895277207392197
2143471,2024-03-01,LB,2025-08-04,B,LB_to_B,1.4264202600958247
2148243,2022-01-31,LB,2024-06-26,VUS,LB_to_VUS,2.401095140314853
2150308,2020-03-18,LB,2023-12-28,B,LB_to_B,3.7782340862423
2165108,2024-05-18,LB,2025-02-26,B,LB_to_B,0.7775496235455168
2177028,2021-12-29,LB,2025-03-18,VUS,LB_to_VUS,3.216974674880219
2177912,2024-06-05,VUS,2026-01-19,LB,VUS_to_LB,1.623545516769336
2391120,2021-08-02,P,2023-11-15,LP,P_to_LP,2.2861054072553046
2392339,2021-08-02,P,2024-03-28,LP,P_to_LP,2.652977412731006
2400336,2021-11-29,LB,2024-07-26,VUS,LB_to_VUS,2.6557152635181382
2434194,2022-12-21,LP,2025-08-01,P,LP_to_P,2.6119096509240247
2443293,2022-08-29,VUS,2022-11-03,P,VUS_to_P,0.1806981519507187
2454128,2022-11-23,LB,2025-02-27,B,LB_to_B,2.2642026009582477
2454145,2022-12-18,LB,2025-02-27,B,LB_to_B,2.195756331279945
2454154,2023-02-28,LB,2025-02-26,B,LB_to_B,1.995893223819302
2497944,2022-10-10,P,2025-11-12,LP,P_to_LP,3.0910335386721424
2501255,2023-03-20,LP,2023-11-04,P,LP_to_P,0.6269678302532512
2561474,2023-05-14,LB,2025-02-26,B,LB_to_B,1.7905544147843941
2573246,2023-03-22,P,2023-08-08,LP,P_to_LP,0.3805612594113621
2574239,2023-07-30,LP,2024-01-31,P,LP_to_P,0.5065023956194388
2584387,2023-03-08,LP,2023-09-04,P,LP_to_P,0.4928131416837782
2630657,2023-09-08,LP,2024-12-09,P,LP_to_P,1.2539356605065024
2632069,2023-05-15,P,2026-02-13,LP,P_to_LP,2.751540041067762
2638999,2021-03-09,LB,2023-04-01,VUS,LB_to_VUS,2.0616016427104724
2659944,2022-04-01,LB,2025-08-18,B,LB_to_B,3.381245722108145
2659946,2022-07-01,LB,2025-05-06,B,LB_to_B,2.847364818617385
2682638,2023-12-28,B,2024-06-03,VUS,B_to_VUS,0.432580424366872
2691513,2021-06-25,LB,2023-12-07,VUS,LB_to_VUS,2.4503764544832305
2711736,2023-05-01,LB,2025-06-17,B,LB_to_B,2.130047912388775
2712486,2023-10-09,VUS,2023-10-26,LB,VUS_to_LB,0.04654346338124572
2717551,2019-12-02,LB,2024-07-08,VUS,LB_to_VUS,4.59958932238193
2724035,2023-06-23,P,2024-08-27,LP,P_to_LP,1.1800136892539357
2733986,2023-05-27,LB,2025-02-26,B,LB_to_B,1.754962354551677
2735182,2019-10-17,LP,2024-02-26,P,LP_to_P,4.361396303901437
2758312,2025-01-20,LB,2025-06-12,B,LB_to_B,0.3915126625598905
2784732,2024-01-28,P,2024-04-10,LP,P_to_LP,0.1998631074606434
2785145,2023-08-23,P,2024-04-08,LP,P_to_LP,0.6269678302532512
2790381,2023-06-23,P,2024-05-30,LP,P_to_LP,0.9363449691991786
2818519,2023-10-28,P,2026-04-22,LP,P_to_LP,2.4832306639288158
2848815,2019-07-31,LB,2025-12-03,B,LB_to_B,6.3436002737850785
2877636,2023-08-31,P,2024-04-26,LP,P_to_LP,0.6543463381245722
2879488,2024-01-11,P,2024-03-21,LP,P_to_LP,0.19164955509924708
2883847,2023-09-07,LP,2024-03-27,P,LP_to_P,0.5530458590006845
2889908,2019-02-22,LB,2024-09-27,B,LB_to_B,5.596167008898015
2890787,2023-02-11,LB,2023-12-24,VUS,LB_to_VUS,0.865160848733744
2904426,2023-09-01,P,2024-03-20,LP,P_to_LP,0.5503080082135524
2905814,2023-10-13,LB,2026-01-24,B,LB_to_B,2.2833675564681726
2913442,2021-09-01,LB,2026-01-24,B,LB_to_B,4.396988364134154
2915865,2022-11-09,LB,2025-02-25,B,LB_to_B,2.297056810403833
2919728,2023-10-09,B,2025-11-01,LB,B_to_LB,2.0643394934976045
2956418,2025-12-30,LB,2026-01-12,B,LB_to_B,0.03559206023271732
2959208,2024-01-24,P,2024-02-19,LP,P_to_LP,0.07118412046543464
2968652,2024-04-25,LP,2026-01-11,P,LP_to_P,1.7138945927446954
2970668,2023-11-30,LP,2023-12-22,P,LP_to_P,0.06023271731690623
2971197,2023-09-19,P,2024-04-04,LP,P_to_LP,0.5420944558521561
2981779,2025-02-16,B,2025-09-15,LB,B_to_LB,0.5776865160848734
2982610,2024-12-22,LB,2025-02-26,B,LB_to_B,0.1806981519507187
3001305,2023-03-17,P,2024-04-20,LP,P_to_LP,1.0951403148528405
3012758,2023-06-02,P,2024-02-28,LP,P_to_LP,0.7419575633127995
3029619,2021-07-20,LB,2024-02-19,VUS,LB_to_VUS,2.5845311430527036
3029895,2023-11-22,P,2026-01-21,LP,P_to_LP,2.1656399726214923
3031569,2021-03-05,LB,2024-06-17,VUS,LB_to_VUS,3.2854209445585214
3036300,2023-10-28,VUS,2025-08-25,LB,VUS_to_LB,1.8261464750171115
3036941,2023-10-24,LB,2025-07-05,VUS,LB_to_VUS,1.6974674880219027
3046433,2023-08-30,LB,2025-01-07,VUS,LB_to_VUS,1.3579739904175223
3046884,2019-03-29,LB,2023-12-24,VUS,LB_to_VUS,4.739219712525667
3048230,2020-08-25,LB,2025-01-27,VUS,LB_to_VUS,4.424366872005476
3048354,2024-02-07,LB,2026-01-13,VUS,LB_to_VUS,1.9329226557152634
3048586,2020-02-20,LB,2025-09-28,B,LB_to_B,5.604380561259411
3051629,2024-02-26,VUS,2025-09-01,LB,VUS_to_LB,1.514031485284052
3053437,2019-09-13,LB,2025-07-14,B,LB_to_B,5.834360027378508
3054907,2020-10-06,LB,2025-02-23,VUS,LB_to_VUS,4.383299110198494
3058630,2023-09-12,LB,2025-04-02,VUS,LB_to_VUS,1.5550992470910336
3060057,2020-11-10,LB,2025-09-16,VUS,LB_to_VUS,4.848733744010952
3227517,2024-01-19,LB,2025-02-26,B,LB_to_B,1.106091718001369
3239276,2024-03-07,B,2024-05-01,LB,B_to_LB,0.15058179329226556
3254996,2024-11-05,LP,2025-04-30,P,LP_to_P,0.48186173853524983
3313688,2024-05-04,LB,2025-02-27,B,LB_to_B,0.8186173853524983
3341107,2024-03-23,LP,2024-09-27,P,LP_to_P,0.5147159479808351
3350535,2024-07-01,B,2025-07-25,LB,B_to_LB,1.0650239561943875
3381004,2024-11-26,P,2025-06-25,LP,P_to_LP,0.5776865160848734
3384708,2024-02-26,LP,2024-10-14,P,LP_to_P,0.6324435318275154
3578735,2024-02-06,LP,2025-03-13,P,LP_to_P,1.0978781656399725
3590865,2024-02-26,P,2024-06-03,LP,P_to_LP,0.2683093771389459
3590911,2024-02-15,P,2024-03-28,LP,P_to_LP,0.11498973305954825
3593460,2024-01-15,LP,2024-12-03,P,LP_to_P,0.8843258042436687
3593470,2024-01-30,LP,2025-10-01,P,LP_to_P,1.6700889801505818
3593481,2024-06-03,LP,2025-06-02,P,LP_to_P,0.9965776865160849
3643117,2024-02-24,P,2025-05-02,LP,P_to_LP,1.1854893908281998
3670867,2024-11-03,LB,2025-02-26,B,LB_to_B,0.31485284052019163
3720832,2024-12-19,P,2025-06-15,LP,P_to_LP,0.487337440109514
3728173,2025-02-26,B,2025-09-15,LB,B_to_LB,0.5503080082135524
3765528,2025-01-01,LP,2025-02-27,P,LP_to_P,0.15605749486652978
3788338,2025-02-08,LB,2025-02-26,B,LB_to_B,0.049281314168377825
3904651,2025-02-25,B,2025-11-15,LB,B_to_LB,0.7200547570157426
3904713,2025-02-25,B,2025-08-28,LB,B_to_LB,0.5037645448323066
4072061,2024-07-23,P,2025-03-12,LP,P_to_LP,0.6351813826146475
4278572,2025-04-06,P,2026-03-11,LP,P_to_LP,0.9281314168377823
4292365,2024-11-11,LP,2025-07-13,P,LP_to_P,0.6680355920602327
4540562,2025-08-07,LP,2025-10-06,P,LP_to_P,0.16427104722792607
