VariationID,first_date,first_bucket,latest_date,latest_bucket,years_to_reclassification,transition
31,2010-09-10,P,2025-06-05,LP,14.735112936344969,P_to_LP
33,2010-09-10,P,2024-05-21,LP,13.69472963723477,P_to_LP
913,1972-06-25,P,2026-01-26,B,53.58795345653662,P_to_B
1428,2006-02-01,P,2022-12-02,LP,16.83230663928816,P_to_LP
2956,2001-04-01,P,2025-05-01,LP,24.082135523613964,P_to_LP
5151,2000-09-01,P,2024-05-16,VUS,23.704312114989733,P_to_VUS
5154,2000-09-01,P,2026-02-04,B,25.426420260095824,P_to_B
5270,2008-09-11,P,2026-01-31,B,17.388090349075977,P_to_B
5272,2008-09-11,P,2026-01-28,B,17.37987679671458,P_to_B
5640,1991-05-15,P,2025-08-26,LP,34.28336755646817,P_to_LP
5781,2005-01-01,P,2026-04-29,LP,21.322381930184804,P_to_LP
5784,1999-09-01,P,2024-03-29,LP,24.57494866529774,P_to_LP
5789,2003-04-01,P,2025-07-13,VUS,22.28336755646817,P_to_VUS
5931,1999-07-02,P,2021-03-26,VUS,21.73305954825462,P_to_VUS
7601,2008-03-01,P,2025-10-01,LP,17.585215605749486,P_to_LP
7746,1988-12-23,P,2025-04-22,LP,36.328542094455855,P_to_LP
7755,1996-12-01,P,2023-10-03,VUS,26.836413415468858,P_to_VUS
7759,2008-01-01,P,2024-03-25,LP,16.229979466119097,P_to_LP
8322,1996-05-01,P,2022-08-19,VUS,26.299794661190965,P_to_VUS
8326,1996-10-10,P,2024-04-29,LP,27.550992470910334,P_to_LP
8327,1996-10-10,P,2024-01-12,LP,27.255304585900067,P_to_LP
8332,1995-05-01,P,2025-09-17,LP,30.38193018480493,P_to_LP
8335,1995-05-01,P,2025-09-18,LP,30.38466803559206,P_to_LP
8340,2000-05-01,P,2019-12-12,LP,19.613963039014372,P_to_LP
8344,2002-08-31,P,2024-01-02,VUS,21.338809034907598,P_to_VUS
8348,2003-08-01,P,2026-01-26,LP,22.48870636550308,P_to_LP
8353,2005-06-15,P,2022-01-25,VUS,16.61327857631759,P_to_VUS
8357,2007-11-01,P,2025-03-04,LP,17.338809034907598,P_to_LP
8752,1996-06-01,P,2025-05-22,VUS,28.971937029431896,P_to_VUS
9158,1996-10-01,P,2026-02-04,B,29.34428473648186,P_to_B
9159,1997-01-01,P,2024-03-15,LP,27.200547570157426,P_to_LP
9160,1997-01-01,P,2025-05-06,LP,28.34223134839151,P_to_LP
9212,1997-10-01,P,2025-11-21,LP,28.139630390143736,P_to_LP
9213,1998-02-01,P,2024-12-20,VUS,26.882956878850102,P_to_VUS
9216,2007-04-01,P,2024-11-21,LP,17.642710472279262,P_to_LP
10030,1989-07-01,P,2021-01-11,LP,31.531827515400412,P_to_LP
10038,1983-09-01,P,2023-07-30,LP,39.90965092402464,P_to_LP
10041,1989-07-01,P,2023-02-14,LP,33.62354551676933,P_to_LP
10045,1989-01-01,P,2017-06-13,LP,28.44626967830253,P_to_LP
10047,1990-06-01,P,2020-04-01,LP,29.83436002737851,P_to_LP
10054,1990-06-01,P,2025-04-23,LP,34.893908281998634,P_to_LP
10063,2000-03-01,P,2024-04-04,LP,24.093086926762492,P_to_LP
10079,1992-03-01,P,2022-10-03,VUS,30.590006844626966,P_to_VUS
10080,2013-10-24,P,2021-09-02,VUS,7.857631759069131,P_to_VUS
10861,2017-01-20,LP,2025-10-03,P,8.700889801505818,LP_to_P
12227,1999-01-01,P,2023-10-25,LP,24.813141683778234,P_to_LP
12229,2003-02-01,P,2025-02-10,LP,22.026009582477755,P_to_LP
12932,2002-09-26,P,2022-04-12,VUS,19.54277891854894,P_to_VUS
17752,2009-03-01,P,2026-02-04,B,16.930869267624914,P_to_B
17754,1996-08-01,P,2025-01-27,VUS,28.490075290896645,P_to_VUS
17760,1995-12-01,P,2024-05-10,LP,28.44079397672827,P_to_LP
17768,1994-06-10,P,2026-01-21,B,31.616700889801507,P_to_B
17770,1998-01-01,P,2025-09-22,LP,27.72347707049966,P_to_LP
17774,2000-01-01,P,2022-05-17,VUS,22.373716632443532,P_to_VUS
18117,1994-04-01,P,2024-03-26,LP,29.984941820670773,P_to_LP
18119,1994-04-01,P,2025-11-13,VUS,31.619438740588638,P_to_VUS
18120,1994-04-01,P,2024-06-18,VUS,30.21492128678987,P_to_VUS
18294,1987-11-01,P,2024-09-23,LP,36.8952772073922,P_to_LP
18301,1997-01-01,P,2024-06-24,LP,27.477070499657767,P_to_LP
21490,2014-11-27,VUS,2026-02-04,B,11.189596167008897,VUS_to_B
35776,2011-08-18,LB,2026-02-04,B,14.466803559206022,LB_to_B
35778,2020-09-29,LP,2025-10-05,P,5.01574264202601,LP_to_P
35801,2011-08-18,LP,2022-11-09,P,11.227926078028748,LP_to_P
36342,2011-08-18,LP,2024-12-06,VUS,13.30321697467488,LP_to_VUS
36343,2011-08-18,B,2026-03-01,LB,14.535249828884325,B_to_LB
36344,2011-08-18,LP,2024-01-05,VUS,12.383299110198495,LP_to_VUS
36345,2015-11-16,VUS,2025-06-09,B,9.56331279945243,VUS_to_B
36354,2011-08-18,LP,2024-05-09,VUS,12.725530458590006,LP_to_VUS
36357,2014-03-07,B,2026-03-01,LB,11.983572895277208,B_to_LB
36358,2011-08-18,LB,2026-01-11,B,14.401095140314853,LB_to_B
36361,2011-08-18,VUS,2024-12-02,B,13.292265571526352,VUS_to_B
36363,2011-08-18,LB,2025-07-14,B,13.905544147843942,LB_to_B
36365,2018-08-31,VUS,2025-05-01,LP,6.666666666666667,VUS_to_LP
60668,2012-06-15,P,2022-04-27,VUS,9.86447638603696,P_to_VUS
129850,2014-08-11,LB,2026-02-01,B,11.477070499657769,LB_to_B
162022,2014-10-01,P,2025-03-11,LP,10.442162902121835,P_to_LP
188774,2014-05-01,LP,2024-11-19,P,10.55441478439425,LP_to_P
188775,2014-05-01,LP,2024-02-10,P,9.779603011635865,LP_to_P
188866,2014-07-07,LP,2026-01-18,P,11.534565366187543,LP_to_P
188891,2014-07-19,LP,2024-03-30,P,9.697467488021903,LP_to_P
188898,2014-07-23,LP,2024-04-29,P,9.768651608487337,LP_to_P
188957,2014-09-05,LP,2025-01-27,P,10.395619438740589,LP_to_P
188979,2014-09-24,LP,2023-01-29,P,8.347707049965777,LP_to_P
188986,2014-09-25,LP,2025-11-19,P,11.151266255989048,LP_to_P
189021,2014-10-16,LP,2025-05-21,P,10.595482546201232,LP_to_P
189035,2014-10-23,LP,2024-03-12,P,9.385352498288844,LP_to_P
189047,2014-11-06,LP,2026-01-09,P,11.175906913073238,LP_to_P
191300,2016-09-28,LB,2026-02-04,B,9.352498288843258,LB_to_B
204016,2014-11-27,VUS,2026-03-01,LB,11.2580424366872,VUS_to_LB
204017,2014-11-27,VUS,2025-12-29,LB,11.08829568788501,VUS_to_LB
204020,2014-11-27,VUS,2026-02-04,B,11.189596167008897,VUS_to_B
204021,2014-11-27,VUS,2026-02-04,B,11.189596167008897,VUS_to_B
204024,2014-11-27,VUS,2017-07-11,LB,2.620123203285421,VUS_to_LB
204026,2014-11-27,VUS,2019-08-15,LB,4.714579055441479,VUS_to_LB
204029,2014-11-27,VUS,2026-01-26,B,11.16495550992471,VUS_to_B
204030,2014-11-27,VUS,2026-02-04,B,11.189596167008897,VUS_to_B
204032,2014-11-27,VUS,2026-02-04,B,11.189596167008897,VUS_to_B
204033,2014-11-27,VUS,2018-09-11,B,3.789185489390828,VUS_to_B
204035,2014-11-27,VUS,2019-06-18,B,4.555783709787817,VUS_to_B
204037,2014-11-27,VUS,2019-06-18,B,4.555783709787817,VUS_to_B
204039,2014-11-27,VUS,2026-02-04,B,11.189596167008897,VUS_to_B
204040,2014-11-27,VUS,2026-01-31,LB,11.178644763860369,VUS_to_LB
204041,2014-11-27,VUS,2021-07-10,B,6.617385352498289,VUS_to_B
204043,2014-11-27,VUS,2026-02-04,B,11.189596167008897,VUS_to_B
204046,2014-11-27,VUS,2021-03-28,LB,6.33264887063655,VUS_to_LB
204047,2014-11-27,VUS,2026-02-04,B,11.189596167008897,VUS_to_B
204049,2014-11-27,VUS,2021-07-10,B,6.617385352498289,VUS_to_B
204050,2014-11-27,VUS,2018-08-07,B,3.693360711841205,VUS_to_B
204052,2014-11-27,VUS,2026-02-04,B,11.189596167008897,VUS_to_B
204054,2014-11-27,VUS,2021-07-10,B,6.617385352498289,VUS_to_B
204056,2014-11-27,VUS,2026-02-04,B,11.189596167008897,VUS_to_B
204057,2014-11-27,VUS,2018-08-07,B,3.693360711841205,VUS_to_B
204058,2014-11-27,VUS,2026-01-28,B,11.170431211498974,VUS_to_B
204061,2014-11-27,VUS,2026-01-05,LB,11.107460643394935,VUS_to_LB
204062,2014-11-27,VUS,2018-01-13,LB,3.1293634496919918,VUS_to_LB
204063,2014-11-27,VUS,2021-07-10,B,6.617385352498289,VUS_to_B
204064,2014-11-27,VUS,2018-08-07,B,3.693360711841205,VUS_to_B
204067,2014-11-27,P,2024-03-27,VUS,9.330595482546201,P_to_VUS
204069,2013-02-01,LP,2026-01-24,P,12.97741273100616,LP_to_P
204072,2013-02-01,LP,2026-01-27,P,12.985626283367557,LP_to_P
204078,2014-11-27,P,2025-06-13,VUS,10.543463381245722,P_to_VUS
204081,2014-11-27,P,2021-11-18,LP,6.976043805612594,P_to_LP
204085,2014-11-27,P,2024-07-19,LP,9.64271047227926,P_to_LP
204089,2014-11-27,P,2024-03-05,LP,9.270362765229295,P_to_LP
204092,2014-11-27,P,2025-11-13,LP,10.962354551676933,P_to_LP
204096,2014-11-27,P,2024-04-29,LP,9.42094455852156,P_to_LP
204106,2014-11-27,P,2025-04-08,LP,10.362765229295004,P_to_LP
204107,2014-11-27,P,2024-05-17,VUS,9.470225872689939,P_to_VUS
204108,2014-11-27,P,2025-09-12,LP,10.792607802874743,P_to_LP
204111,2014-11-27,P,2024-03-11,LP,9.286789869952088,P_to_LP
204116,2014-11-27,P,2025-12-10,LP,11.0362765229295,P_to_LP
204121,2014-11-27,P,2025-06-09,LP,10.532511978097194,P_to_LP
204123,2014-11-27,P,2021-11-30,LP,7.008898015058179,P_to_LP
204126,2014-11-27,P,2022-10-29,LP,7.920602327173169,P_to_LP
204130,2014-11-27,P,2024-03-12,LP,9.289527720739219,P_to_LP
204132,2014-11-27,P,2025-06-02,VUS,10.513347022587268,P_to_VUS
204135,2014-11-27,P,2016-06-03,LP,1.516769336071184,P_to_LP
204136,2014-11-27,P,2024-10-30,LP,9.924709103353868,P_to_LP
204146,2014-11-27,P,2022-02-05,LP,7.19233401779603,P_to_LP
204153,2014-11-27,P,2024-05-25,LP,9.492128678986996,P_to_LP
204155,2014-11-27,P,2026-01-20,LP,11.148528405201917,P_to_LP
204167,2014-11-27,P,2024-05-30,LP,9.505817932922655,P_to_LP
204168,2014-11-27,P,2024-04-29,LP,9.42094455852156,P_to_LP
204178,2014-11-27,P,2017-01-24,LP,2.1601642710472277,P_to_LP
204184,2014-11-27,P,2024-07-18,LP,9.639972621492129,P_to_LP
204199,2014-11-27,P,2023-07-07,LP,8.607802874743326,P_to_LP
204210,2014-11-27,P,2024-02-20,LP,9.232032854209445,P_to_LP
204211,2014-11-27,P,2024-06-12,VUS,9.541409993155373,P_to_VUS
204218,2014-11-27,VUS,2024-01-23,B,9.155373032169747,VUS_to_B
204220,2014-11-27,VUS,2026-02-04,B,11.189596167008897,VUS_to_B
204222,2014-11-27,VUS,2021-07-10,B,6.617385352498289,VUS_to_B
204225,2014-11-27,VUS,2026-02-04,B,11.189596167008897,VUS_to_B
204229,2014-11-27,VUS,2026-01-31,B,11.178644763860369,VUS_to_B
204230,2014-11-27,P,2025-05-30,LP,10.505133470225873,P_to_LP
204231,2014-11-27,P,2024-06-24,LP,9.574264202600958,P_to_LP
204238,2014-11-27,P,2023-11-22,LP,8.985626283367557,P_to_LP
204239,2014-11-27,P,2025-12-17,LP,11.055441478439425,P_to_LP
204252,2014-11-27,P,2025-01-27,LP,10.168377823408624,P_to_LP
204254,2014-11-27,VUS,2021-07-10,LB,6.617385352498289,VUS_to_LB
204256,2014-11-27,VUS,2026-02-04,B,11.189596167008897,VUS_to_B
204257,2014-11-27,VUS,2024-03-14,LB,9.295003422313483,VUS_to_LB
204258,2014-11-27,VUS,2018-11-12,B,3.9589322381930185,VUS_to_B
204259,2014-11-27,VUS,2019-12-08,B,5.02943189596167,VUS_to_B
204260,2014-11-27,VUS,2021-07-10,LB,6.617385352498289,VUS_to_LB
204262,2014-11-27,VUS,2020-10-13,LB,5.878165639972622,VUS_to_LB
204263,2014-11-27,VUS,2026-01-19,B,11.145790554414784,VUS_to_B
204264,2014-11-27,VUS,2026-02-04,B,11.189596167008897,VUS_to_B
204267,2018-05-18,VUS,2025-10-27,LP,7.444216290212183,VUS_to_LP
204270,2017-08-17,VUS,2025-11-28,LP,8.281998631074606,VUS_to_LP
204277,2014-11-27,P,2024-03-14,LP,9.295003422313483,P_to_LP
204278,2014-11-27,P,2025-10-02,LP,10.847364818617386,P_to_LP
204281,2014-11-27,P,2023-01-18,LP,8.14236824093087,P_to_LP
204282,2014-11-27,P,2023-10-27,LP,8.914442162902121,P_to_LP
204284,2014-11-27,P,2025-12-01,LP,11.011635865845312,P_to_LP
204288,2014-11-27,P,2025-06-05,LP,10.521560574948666,P_to_LP
207998,2020-02-01,LP,2025-04-01,P,5.163586584531143,LP_to_P
208571,2014-12-18,LP,2015-03-13,P,0.2327173169062286,LP_to_P
211146,2015-04-16,VUS,2023-05-27,LB,8.112251882272416,VUS_to_LB
216904,2013-11-05,LP,2025-12-06,P,12.084873374401095,LP_to_P
217418,2010-01-01,P,2025-09-10,LP,15.690622861054072,P_to_LP
217420,2012-03-01,P,2018-01-13,VUS,5.8699520876112254,P_to_VUS
217421,2012-03-01,P,2025-09-08,LP,13.522245037645447,P_to_LP
218183,2005-11-01,P,2023-03-26,VUS,17.39630390143737,P_to_VUS
234927,2016-10-06,P,2025-07-23,LP,8.793976728268309,P_to_LP
234928,2016-10-06,P,2025-07-21,LP,8.788501026694044,P_to_LP
237757,2021-11-03,LB,2025-06-12,VUS,3.6057494866529773,LB_to_VUS
237763,2019-04-11,LP,2025-10-16,P,6.5160848733744015,LP_to_P
237770,2021-11-05,LP,2025-09-08,P,3.8412046543463383,LP_to_P
242488,2018-10-29,LP,2023-05-12,P,4.5338809034907595,LP_to_P
252613,2015-09-03,B,2026-02-01,LB,10.414784394250514,B_to_LB
254727,2017-04-27,LB,2026-01-28,B,8.75564681724846,LB_to_B
255874,2016-02-02,LB,2026-02-04,B,10.00684462696783,LB_to_B
255908,2022-04-11,LB,2025-12-14,B,3.676933607118412,LB_to_B
255966,2017-04-27,LB,2026-01-28,B,8.75564681724846,LB_to_B
260213,2018-01-13,LB,2026-02-01,B,8.05201916495551,LB_to_B
261404,2019-12-31,B,2026-01-01,LB,6.0041067761806985,B_to_LB
265999,2017-09-08,LP,2023-04-30,P,5.639972621492129,LP_to_P
283344,2015-10-05,LB,2026-02-01,B,10.327173169062286,LB_to_B
297336,2018-01-13,B,2020-03-14,LB,2.1656399726214923,B_to_LB
301787,2018-01-13,B,2018-11-12,LB,0.8295687885010267,B_to_LB
301792,2018-01-13,LB,2026-01-28,B,8.041067761806982,LB_to_B
303571,2018-01-12,LB,2026-02-04,B,8.062970568104038,LB_to_B
305237,2017-04-27,LB,2025-12-04,B,8.605065023956195,LB_to_B
316266,2018-01-13,LB,2025-12-21,B,7.9370294318959616,LB_to_B
316275,2017-04-27,LB,2026-01-28,B,8.75564681724846,LB_to_B
316289,2018-01-13,B,2021-06-04,LB,3.3894592744695413,B_to_LB
321165,2018-01-13,LB,2026-01-30,B,8.046543463381246,LB_to_B
321166,2021-04-12,LB,2026-02-04,B,4.815879534565366,LB_to_B
323485,2018-01-12,B,2018-01-12,LB,0.0,B_to_LB
323490,2018-01-13,LB,2018-01-13,B,0.0,LB_to_B
323494,2018-01-12,B,2021-05-16,LB,3.3401779603011637,B_to_LB
323521,2018-01-13,LB,2018-01-13,B,0.0,LB_to_B
328743,2018-01-13,LB,2026-01-18,B,8.013689253935661,LB_to_B
328755,2018-01-12,B,2026-03-03,LB,8.136892539356605,B_to_LB
328761,2018-01-13,B,2026-03-03,LB,8.134154688569472,B_to_LB
328766,2018-01-13,LB,2026-01-19,B,8.016427104722792,LB_to_B
328769,2018-01-13,VUS,2024-08-26,P,6.617385352498289,VUS_to_P
335292,2018-01-13,B,2020-04-09,LB,2.236824093086927,B_to_LB
335295,2018-01-13,VUS,2024-08-26,LP,6.617385352498289,VUS_to_LP
335300,2017-10-24,LB,2018-01-13,VUS,0.22176591375770022,LB_to_VUS
335755,2018-01-13,LB,2026-01-13,B,8.0,LB_to_B
335762,2018-01-12,LB,2025-06-12,B,7.41409993155373,LB_to_B
335765,2017-04-27,LB,2026-01-28,B,8.75564681724846,LB_to_B
335777,2017-04-27,LB,2026-01-28,B,8.75564681724846,LB_to_B
335779,2018-01-12,LB,2026-01-15,B,8.008213552361397,LB_to_B
335782,2018-01-13,LB,2025-10-19,B,7.7645448323066395,LB_to_B
335786,2018-01-13,LB,2025-11-28,B,7.874058863791923,LB_to_B
335791,2017-04-27,LB,2026-01-28,B,8.75564681724846,LB_to_B
335792,2017-04-27,LB,2026-01-28,B,8.75564681724846,LB_to_B
335793,2017-04-27,LB,2026-01-27,B,8.752908966461328,LB_to_B
335799,2017-04-27,LB,2026-01-27,B,8.752908966461328,LB_to_B
336196,2018-01-12,LB,2026-01-26,B,8.038329911019849,LB_to_B
338425,2018-03-16,LB,2026-01-21,B,7.852156057494867,LB_to_B
338426,2018-01-12,VUS,2025-10-21,LB,7.772758384668036,VUS_to_LB
338438,2018-01-13,LB,2018-01-13,B,0.0,LB_to_B
338441,2018-01-12,B,2018-01-12,LB,0.0,B_to_LB
338443,2018-01-13,B,2021-05-12,LB,3.326488706365503,B_to_LB
338456,2018-01-13,B,2018-01-13,LB,0.0,B_to_LB
338464,2018-01-12,B,2021-05-12,LB,3.3292265571526354,B_to_LB
338467,2018-01-13,B,2018-01-13,LB,0.0,B_to_LB
338498,2018-01-13,B,2018-01-13,LB,0.0,B_to_LB
338819,2018-01-12,LB,2023-03-23,B,5.190965092402464,LB_to_B
338829,2018-01-12,LB,2025-12-16,B,7.926078028747433,LB_to_B
342796,2018-01-13,LB,2026-02-03,B,8.057494866529774,LB_to_B
342801,2017-04-27,LB,2026-02-03,B,8.772073921971252,LB_to_B
342807,2018-01-12,LB,2018-01-12,B,0.0,LB_to_B
344443,2020-04-27,LB,2022-08-23,VUS,2.321697467488022,LB_to_VUS
344453,2018-01-13,B,2020-10-03,LB,2.7214236824093088,B_to_LB
347002,2018-01-12,B,2026-01-15,LB,8.008213552361397,B_to_LB
347004,2018-01-12,B,2025-04-17,LB,7.260780287474333,B_to_LB
347007,2018-01-13,B,2025-06-12,LB,7.411362080766598,B_to_LB
350199,2018-01-13,B,2025-10-02,LB,7.7180013689253935,B_to_LB
350202,2018-01-12,B,2024-12-10,LB,6.910335386721424,B_to_LB
350209,2018-01-12,B,2025-10-15,LB,7.756331279945243,B_to_LB
350210,2018-01-13,B,2025-12-30,LB,7.96167008898015,B_to_LB
350212,2018-01-13,B,2025-10-02,LB,7.7180013689253935,B_to_LB
350216,2018-01-13,B,2025-03-31,LB,7.211498973305955,B_to_LB
350234,2018-01-13,B,2025-09-03,LB,7.638603696098563,B_to_LB
350241,2018-01-13,B,2019-08-08,LB,1.566050650239562,B_to_LB
352959,2018-01-12,B,2026-03-01,LB,8.131416837782341,B_to_LB
352962,2018-01-13,B,2023-11-01,LB,5.798767967145791,B_to_LB
352963,2017-04-20,P,2026-01-12,LB,8.731006160164272,P_to_LB
352964,2018-01-12,B,2025-08-07,LB,7.567419575633128,B_to_LB
352969,2018-01-13,B,2025-06-23,LB,7.441478439425051,B_to_LB
352976,2018-01-13,B,2025-09-02,LB,7.6358658453114305,B_to_LB
363836,2018-01-12,LB,2025-08-06,B,7.564681724845996,LB_to_B
366856,2018-01-13,LB,2026-01-14,B,8.002737850787133,LB_to_B
366861,2018-01-13,LB,2026-01-31,B,8.049281314168377,LB_to_B
366863,2018-01-13,B,2020-05-03,LB,2.302532511978097,B_to_LB
368480,2023-03-01,LB,2025-12-27,B,2.8254620123203287,LB_to_B
370863,2016-05-03,LP,2021-02-14,P,4.785763175906913,LP_to_P
370958,2016-05-23,LP,2022-04-09,P,5.878165639972622,LP_to_P
371016,2016-06-06,LP,2025-08-07,P,9.169062286105408,LP_to_P
371394,2016-09-14,LP,2024-01-26,P,7.364818617385352,LP_to_P
371535,2016-10-12,LP,2023-10-30,P,7.047227926078029,LP_to_P
372315,2016-05-04,P,2025-12-03,LP,9.582477754962355,P_to_LP
372382,2023-09-14,LP,2024-04-05,P,0.5585215605749486,LP_to_P
374153,2015-01-05,LP,2025-10-23,P,10.798083504449007,LP_to_P
375410,2016-07-18,LP,2025-10-03,P,9.210130047912388,LP_to_P
378048,2017-03-02,P,2023-11-14,LP,6.702258726899384,P_to_LP
379844,2019-02-27,P,2025-01-07,LP,5.861738535249829,P_to_LP
384333,2018-10-26,LP,2025-09-16,P,6.891170431211499,LP_to_P
402541,2016-03-28,LB,2026-02-03,B,9.853524982888432,LB_to_B
410345,2022-06-17,LP,2025-03-16,P,2.746064339493498,LP_to_P
410346,2023-04-21,LP,2025-06-09,P,2.135523613963039,LP_to_P
416102,2019-04-05,LB,2026-01-05,B,6.754277891854894,LB_to_B
416105,2017-05-12,LB,2026-01-24,B,8.70362765229295,LB_to_B
423162,2017-01-20,P,2025-05-02,LP,8.279260780287474,P_to_LP
423400,2017-02-09,LP,2025-05-01,P,8.2217659137577,LP_to_P
430844,2017-06-28,VUS,2025-10-28,LP,8.334017796030116,VUS_to_LP
435432,2018-09-04,LB,2019-09-19,B,1.0403832991101984,LB_to_B
435436,2015-10-22,LP,2026-01-26,P,10.264202600958248,LP_to_P
435437,2017-01-11,LP,2024-05-09,VUS,7.323750855578371,LP_to_VUS
435438,2016-04-29,LP,2025-01-22,VUS,8.733744010951403,LP_to_VUS
435439,2015-12-18,LP,2024-04-06,P,8.301163586584531,LP_to_P
435440,2016-07-19,VUS,2023-05-27,B,6.852840520191649,VUS_to_B
436413,2015-11-11,LB,2026-02-02,B,10.22861054072553,LB_to_B
438798,2013-10-28,P,2022-01-27,LP,8.24914442162902,P_to_LP
440013,2019-09-25,LB,2025-12-29,B,6.261464750171116,LB_to_B
445687,2017-08-07,LP,2026-03-10,P,8.588637919233403,LP_to_P
447091,2017-02-10,LB,2026-01-26,B,8.958247775496236,LB_to_B
447095,2023-11-16,LB,2026-01-19,B,2.1765913757700206,LB_to_B
447102,2017-02-10,LB,2026-01-26,B,8.958247775496236,LB_to_B
447519,2017-06-05,LB,2025-01-29,VUS,7.652292950034223,LB_to_VUS
447523,2017-07-06,VUS,2024-12-02,LB,7.408624229979466,VUS_to_LB
448390,2017-05-09,LB,2026-02-02,B,8.736481861738536,LB_to_B
448997,2017-09-18,LP,2025-12-29,P,8.279260780287474,LP_to_P
450988,2021-10-27,P,2024-10-22,LP,2.9869952087611225,P_to_LP
463910,2018-02-06,B,2025-10-23,LB,7.709787816563997,B_to_LB
489303,2016-08-01,LP,2018-01-04,P,1.4264202600958247,LP_to_P
496510,2016-06-14,B,2018-10-16,LB,2.3381245722108144,B_to_LB
499914,2017-02-15,LB,2026-01-22,B,8.933607118412047,LB_to_B
502531,2018-01-30,VUS,2025-01-21,P,6.976043805612594,VUS_to_P
510279,2017-04-04,LB,2025-09-29,B,8.487337440109513,LB_to_B
510585,2020-05-06,LB,2023-12-25,VUS,3.6358658453114305,LB_to_VUS
520675,2017-11-16,P,2024-05-09,LP,6.477754962354552,P_to_LP
520732,2015-07-25,P,2021-08-26,LP,6.0889801505817935,P_to_LP
520895,2024-04-05,LP,2024-07-26,VUS,0.3066392881587953,LP_to_VUS
522468,2017-09-18,VUS,2025-10-03,LP,8.041067761806982,VUS_to_LP
522533,2017-01-31,LP,2025-09-02,P,8.58590006844627,LP_to_P
523794,2018-03-19,LP,2026-01-18,P,7.835728952772074,LP_to_P
524154,2018-05-09,P,2024-04-05,LP,5.908281998631074,P_to_LP
526035,2017-11-28,LP,2020-10-06,P,2.855578370978782,LP_to_P
544809,2018-02-27,LP,2026-02-01,P,7.928815879534565,LP_to_P
545702,2018-06-29,P,2024-03-05,LP,5.683778234086242,P_to_LP
548591,2005-02-01,P,2018-03-05,VUS,13.086926762491444,P_to_VUS
548674,2017-09-08,LP,2025-06-12,P,7.759069130732375,LP_to_P
548680,2017-09-08,LP,2024-03-23,VUS,6.537987679671458,LP_to_VUS
549555,2017-05-19,VUS,2024-09-26,LP,7.356605065023956,VUS_to_LP
550334,2017-01-11,VUS,2026-01-26,LB,9.040383299110198,VUS_to_LB
550453,2017-01-19,VUS,2023-10-27,P,6.767967145790554,VUS_to_P
550885,2017-02-27,LP,2024-02-20,P,6.978781656399726,LP_to_P
551151,2017-03-17,VUS,2023-10-27,LP,6.611909650924025,VUS_to_LP
551678,2017-05-03,VUS,2024-05-29,LP,7.0718685831622174,VUS_to_LP
552954,2017-07-31,VUS,2023-10-27,LP,6.239561943874059,VUS_to_LP
552979,2017-07-24,P,2024-12-02,LP,7.359342915811088,P_to_LP
553340,2017-08-16,VUS,2023-10-27,LP,6.195756331279945,VUS_to_LP
554025,2017-09-22,LP,2021-07-22,P,3.8302532511978096,LP_to_P
554314,2017-10-16,LP,2023-10-27,P,6.028747433264887,LP_to_P
554499,2017-10-24,LP,2025-12-30,P,8.183436002737851,LP_to_P
554501,2017-10-24,LP,2025-10-08,P,7.956194387405886,LP_to_P
554893,2017-11-08,VUS,2023-10-27,LP,5.965776865160849,VUS_to_LP
555327,2008-10-15,P,2024-06-18,LP,15.67419575633128,P_to_LP
555895,2018-01-08,VUS,2023-10-27,LP,5.798767967145791,VUS_to_LP
556110,2018-01-12,VUS,2023-10-27,LP,5.7878165639972625,VUS_to_LP
556221,2018-01-18,LP,2024-02-17,P,6.080766598220397,LP_to_P
556493,2018-02-02,VUS,2023-02-10,LP,5.021218343600274,VUS_to_LP
557220,2018-03-19,VUS,2024-04-05,LP,6.047912388774812,VUS_to_LP
557542,2018-03-30,VUS,2023-03-04,LP,4.9281314168377826,VUS_to_LP
562304,2018-09-16,LP,2025-10-03,P,7.047227926078029,LP_to_P
562305,2018-09-16,LP,2023-08-16,VUS,4.914442162902122,LP_to_VUS
562363,2018-09-16,LP,2026-04-23,VUS,7.600273785078714,LP_to_VUS
578751,2017-10-29,LP,2025-10-03,P,7.928815879534565,LP_to_P
586010,2017-12-30,B,2024-07-27,LB,6.573579739904175,B_to_LB
586013,2018-03-02,B,2023-06-01,LB,5.248459958932238,B_to_LB
586018,2018-05-03,B,2018-09-04,LB,0.3394934976043806,B_to_LB
586600,2020-07-10,LP,2025-04-09,P,4.747433264887063,LP_to_P
587398,2018-08-01,P,2024-04-06,LP,5.68104038329911,P_to_LP
588729,2017-01-27,LB,2026-01-09,B,8.950034223134839,LB_to_B
588931,2023-12-16,LB,2025-02-25,B,1.1964407939767283,LB_to_B
591424,2018-09-16,VUS,2024-05-06,P,5.637234770704997,VUS_to_P
591504,2018-09-16,VUS,2023-10-27,LP,5.111567419575633,VUS_to_LP
591707,2018-09-16,VUS,2022-06-09,LP,3.728952772073922,VUS_to_LP
591832,2018-09-16,VUS,2023-10-27,LP,5.111567419575633,VUS_to_LP
593936,2017-08-31,LP,2025-06-13,P,7.783709787816564,LP_to_P
599224,2019-02-19,P,2023-01-25,LP,3.9315537303216974,P_to_LP
618372,2020-04-03,LP,2024-11-24,P,4.643394934976044,LP_to_P
623151,2018-07-19,LP,2025-12-21,P,7.425051334702259,LP_to_P
623903,2022-11-01,P,2023-01-16,LP,0.2080766598220397,P_to_LP
624572,2018-12-10,P,2021-10-20,LP,2.861054072553046,P_to_LP
632363,2023-12-19,P,2025-05-01,LP,1.3661875427789185,P_to_LP
632376,2019-01-08,LP,2025-05-04,P,6.31895961670089,LP_to_P
632498,2017-07-11,LP,2023-12-28,P,6.464065708418891,LP_to_P
632527,2017-04-28,LP,2025-12-23,P,8.654346338124572,LP_to_P
632541,2023-09-22,LP,2025-12-14,P,2.2286105407255303,LP_to_P
635428,2018-09-24,P,2025-06-13,LP,6.718685831622176,P_to_LP
638509,2019-04-27,P,2024-04-29,LP,5.007529089664613,P_to_LP
645622,2021-08-02,P,2025-05-11,LP,3.7727583846680357,P_to_LP
650172,2021-11-10,LP,2026-01-11,P,4.16974674880219,LP_to_P
682699,2018-06-14,LB,2026-02-04,B,7.644079397672827,LB_to_B
689636,2019-07-01,VUS,2024-07-03,LP,5.007529089664613,VUS_to_LP
696332,2021-10-29,LB,2026-01-02,B,4.177960301163586,LB_to_B
702892,2021-11-04,LB,2026-02-01,B,4.243668720054757,LB_to_B
703574,2018-01-13,LB,2025-12-01,B,7.882272416153319,LB_to_B
706355,2022-03-24,LB,2024-11-05,B,2.620123203285421,LB_to_B
707094,2022-04-20,LB,2025-10-29,B,3.5263518138261465,LB_to_B
711545,2020-01-24,VUS,2026-01-13,LB,5.971252566735113,VUS_to_LB
713040,2021-07-29,LB,2026-02-01,B,4.511978097193703,LB_to_B
713090,2021-09-16,LB,2025-11-09,B,4.147843942505133,LB_to_B
713709,2025-05-01,B,2025-08-01,LB,0.2518822724161533,B_to_LB
714260,2018-01-13,LB,2026-02-01,B,8.05201916495551,LB_to_B
714653,2018-01-13,LB,2026-01-28,B,8.041067761806982,LB_to_B
715376,2018-01-12,LB,2026-01-19,B,8.019164955509925,LB_to_B
715416,2021-12-04,LB,2025-09-13,B,3.7754962354551678,LB_to_B
715536,2018-01-13,LB,2026-02-03,B,8.057494866529774,LB_to_B
716201,2021-08-09,LB,2025-12-21,B,4.3668720054757015,LB_to_B
716534,2021-12-14,LB,2025-11-17,B,3.9260780287474333,LB_to_B
717106,2021-08-10,LB,2026-01-27,B,4.465434633812457,LB_to_B
718045,2021-10-08,LB,2026-01-18,B,4.2792607802874745,LB_to_B
718983,2018-01-12,LB,2025-12-29,B,7.96167008898015,LB_to_B
719693,2019-10-24,LB,2026-02-02,B,6.277891854893908,LB_to_B
720996,2021-07-23,LB,2025-12-26,B,4.427104722792608,LB_to_B
721669,2020-02-13,VUS,2024-01-20,LB,3.9342915811088295,VUS_to_LB
723653,2022-05-06,LB,2026-01-28,B,3.7316906228610542,LB_to_B
724715,2026-01-08,B,2026-03-01,LB,0.14236824093086928,B_to_LB
726875,2022-03-22,LB,2026-01-14,B,3.8165639972621492,LB_to_B
727788,2018-01-12,LB,2025-07-06,B,7.479808350444901,LB_to_B
729950,2019-10-24,LB,2025-12-28,B,6.179329226557153,LB_to_B
730587,2020-11-10,B,2025-12-11,LB,5.084188911704312,B_to_LB
730639,2023-08-23,LB,2026-01-25,B,2.425735797399042,LB_to_B
731308,2020-06-15,LB,2026-01-05,B,5.557837097878165,LB_to_B
732456,2020-01-24,VUS,2026-01-12,LB,5.968514715947981,VUS_to_LB
733269,2020-02-13,VUS,2026-01-18,LB,5.930184804928132,VUS_to_LB
734800,2020-09-09,LB,2026-02-01,B,5.3963039014373715,LB_to_B
735382,2021-05-18,B,2025-10-21,LB,4.427104722792608,B_to_LB
736857,2025-10-29,B,2025-12-05,LB,0.10130047912388775,B_to_LB
740809,2020-04-11,VUS,2026-02-04,LB,5.817932922655715,VUS_to_LB
742503,2020-04-11,VUS,2025-12-15,LB,5.678302532511978,VUS_to_LB
744325,2016-08-08,LB,2026-01-25,B,9.464750171115675,LB_to_B
744990,2023-10-01,LB,2026-01-06,B,2.2669404517453797,LB_to_B
746421,2019-10-09,LB,2026-01-28,B,6.30527036276523,LB_to_B
750447,2019-05-28,LB,2025-09-28,B,6.338124572210814,LB_to_B
760851,2020-01-14,LB,2025-12-24,B,5.943874058863792,LB_to_B
760852,2020-01-18,LB,2025-12-24,B,5.932922655715264,LB_to_B
761407,2018-01-13,LB,2026-01-25,B,8.032854209445585,LB_to_B
761567,2020-03-17,VUS,2025-11-16,LB,5.66735112936345,VUS_to_LB
764357,2025-02-13,B,2025-02-16,LB,0.008213552361396304,B_to_LB
765186,2019-03-05,LB,2025-10-20,B,6.628336755646817,LB_to_B
769248,2023-04-06,LB,2026-01-31,B,2.8227241615331966,LB_to_B
775149,2025-08-18,LB,2025-10-27,B,0.19164955509924708,LB_to_B
776485,2021-05-21,LB,2026-02-01,B,4.700889801505818,LB_to_B
777839,2019-06-17,LB,2026-02-02,B,6.631074606433949,LB_to_B
777948,2020-01-24,VUS,2026-01-11,LB,5.965776865160849,VUS_to_LB
778098,2018-01-12,LB,2026-02-01,B,8.054757015742641,LB_to_B
778365,2018-01-12,LB,2026-01-28,B,8.043805612594113,LB_to_B
778549,2018-09-28,LB,2026-01-28,B,7.3347022587268995,LB_to_B
778550,2018-09-28,LB,2026-01-28,B,7.3347022587268995,LB_to_B
779627,2025-02-20,LB,2026-01-27,B,0.9336071184120466,LB_to_B
780216,2021-05-06,LB,2026-01-16,B,4.698151950718686,LB_to_B
780450,2021-09-28,LB,2026-02-01,B,4.344969199178645,LB_to_B
780801,2017-04-27,LB,2026-01-31,B,8.763860369609857,LB_to_B
781389,2026-01-22,B,2026-03-01,LB,0.10403832991101986,B_to_LB
783828,2019-10-21,LB,2025-11-10,B,6.056125941136208,LB_to_B
784616,2017-04-27,LB,2026-01-26,B,8.750171115674195,LB_to_B
784640,2017-04-27,LB,2025-12-17,B,8.640657084188911,LB_to_B
785932,2021-07-20,B,2026-01-26,LB,4.520191649555099,B_to_LB
786113,2020-09-15,LB,2026-01-19,B,5.344284736481861,LB_to_B
787530,2022-09-01,LB,2026-01-26,B,3.403148528405202,LB_to_B
787696,2019-05-02,B,2026-02-01,LB,6.754277891854894,B_to_LB
789947,2025-03-27,LB,2026-01-07,B,0.783025325119781,LB_to_B
790805,2024-04-01,LB,2026-01-24,B,1.8151950718685832,LB_to_B
791107,2022-03-26,LB,2026-01-28,B,3.8439425051334704,LB_to_B
791225,2021-07-23,LB,2025-12-26,B,4.427104722792608,LB_to_B
791226,2021-07-23,LB,2026-01-19,B,4.492813141683778,LB_to_B
791551,2017-04-27,LB,2026-01-31,B,8.763860369609857,LB_to_B
791683,2017-04-27,LB,2026-01-26,B,8.750171115674195,LB_to_B
794520,2020-01-24,VUS,2023-12-01,LB,3.8521560574948666,VUS_to_LB
795333,2020-03-10,VUS,2024-02-18,LB,3.9425051334702257,VUS_to_LB
795872,2021-10-19,LB,2025-11-21,B,4.090349075975359,LB_to_B
796847,2017-04-27,LB,2026-01-11,B,8.709103353867214,LB_to_B
797048,2020-03-10,VUS,2024-06-26,LB,4.295687885010267,VUS_to_LB
799533,2019-06-26,LB,2026-01-20,B,6.570841889117043,LB_to_B
799838,2020-03-17,VUS,2026-03-12,LB,5.984941820670773,VUS_to_LB
801449,2018-10-24,VUS,2025-11-04,LP,7.030800821355236,VUS_to_LP
802370,2019-05-28,LP,2025-10-02,P,6.349075975359343,LP_to_P
804659,2023-02-23,LP,2025-11-24,P,2.751540041067762,LP_to_P
804660,2019-03-30,P,2025-06-05,LP,6.184804928131417,P_to_LP
804665,2019-02-03,LP,2025-02-09,P,6.017796030116359,LP_to_P
804713,2018-10-16,LP,2024-06-03,P,5.631759069130732,LP_to_P
804913,2019-06-28,P,2024-05-22,LP,4.900752908966461,P_to_LP
804917,2018-01-03,LP,2025-09-22,P,7.7180013689253935,LP_to_P
804918,2020-01-22,LP,2025-07-09,P,5.462012320328542,LP_to_P
810599,2018-01-01,LB,2026-02-01,B,8.084873374401095,LB_to_B
811350,2019-03-30,B,2025-10-21,LB,6.562628336755647,B_to_LB
829904,2019-10-17,LP,2022-01-03,VUS,2.21492128678987,LP_to_VUS
830037,2019-11-08,P,2019-11-13,LP,0.013689253935660506,P_to_LP
842547,2023-08-31,LP,2025-01-15,P,1.377138945927447,LP_to_P
847437,2024-02-28,LP,2025-11-28,P,1.7494866529774127,LP_to_P
850234,2021-07-13,LP,2026-01-21,P,4.525667351129363,LP_to_P
855268,2019-12-31,P,2024-05-30,LP,4.413415468856948,P_to_LP
855900,2022-05-24,P,2024-07-31,LP,2.187542778918549,P_to_LP
858369,2021-12-14,LP,2024-08-16,P,2.6721423682409307,LP_to_P
878231,2018-01-12,LB,2026-01-29,B,8.046543463381246,LB_to_B
879965,2018-01-12,B,2021-06-09,LB,3.405886379192334,B_to_LB
882307,2017-04-27,VUS,2021-04-01,LB,3.9288158795345653,VUS_to_LB
884309,2018-01-12,LB,2026-01-29,B,8.046543463381246,LB_to_B
884310,2018-01-12,LB,2026-01-31,B,8.05201916495551,LB_to_B
884724,2017-04-27,B,2025-12-24,LB,8.659822039698836,B_to_LB
889684,2017-04-27,VUS,2019-06-07,LB,2.11088295687885,VUS_to_LB
889689,2018-01-13,LB,2026-02-02,B,8.054757015742641,LB_to_B
891262,2018-01-13,LB,2018-01-13,B,0.0,LB_to_B
891263,2018-01-12,B,2018-01-12,LB,0.0,B_to_LB
895252,2018-01-12,B,2018-01-12,LB,0.0,B_to_LB
895325,2018-01-13,LB,2018-01-13,B,0.0,LB_to_B
895326,2018-01-13,B,2021-09-17,LB,3.676933607118412,B_to_LB
895536,2018-01-13,B,2018-01-13,LB,0.0,B_to_LB
895718,2018-01-12,LB,2026-01-27,B,8.041067761806982,LB_to_B
896662,2018-01-13,LB,2026-01-26,B,8.035592060232718,LB_to_B
896913,2018-01-12,LB,2025-12-30,B,7.964407939767283,LB_to_B
896939,2018-01-13,LB,2018-01-13,B,0.0,LB_to_B
897217,2018-01-13,B,2018-01-13,LB,0.0,B_to_LB
897349,2018-01-13,LB,2026-01-13,B,8.0,LB_to_B
897368,2018-01-13,B,2018-01-13,LB,0.0,B_to_LB
898305,2018-01-13,B,2018-01-13,LB,0.0,B_to_LB
898500,2017-04-27,B,2026-01-31,LB,8.763860369609857,B_to_LB
898502,2018-01-13,LB,2026-01-27,B,8.038329911019849,LB_to_B
898654,2018-01-12,B,2019-08-20,LB,1.6016427104722792,B_to_LB
899983,2018-01-13,B,2021-05-31,LB,3.378507871321013,B_to_LB
905316,2018-01-12,B,2025-06-12,LB,7.41409993155373,B_to_LB
906926,2018-01-12,B,2025-09-27,LB,7.707049965776865,B_to_LB
914338,2018-01-13,B,2026-01-18,LB,8.013689253935661,B_to_LB
914835,2018-01-12,B,2024-05-01,LB,6.299794661190965,B_to_LB
915348,2020-05-03,LP,2026-04-15,P,5.949349760438056,LP_to_P
929955,2019-05-08,LP,2024-09-11,P,5.347022587268994,LP_to_P
942179,2024-03-26,LP,2026-01-11,P,1.7960301163586585,LP_to_P
943110,2020-02-01,LP,2026-02-13,P,6.034223134839151,LP_to_P
949727,2021-10-08,P,2024-02-01,LP,2.316221765913758,P_to_LP
951893,2019-04-29,P,2022-08-30,LP,3.3374401095140316,P_to_LP
953279,2019-08-09,P,2025-10-03,LP,6.151950718685832,P_to_LP
953906,2020-01-15,LP,2025-05-10,P,5.316906228610541,LP_to_P
955513,2022-11-03,LB,2025-10-08,VUS,2.9295003422313486,LB_to_VUS
956634,2023-05-24,P,2024-12-11,LP,1.5523613963039014,P_to_LP
958554,2021-08-04,LP,2023-08-02,P,1.9931553730321698,LP_to_P
959855,2022-02-04,LP,2025-08-22,P,3.5455167693360714,LP_to_P
959995,2023-08-02,LP,2025-08-14,P,2.0342231348391513,LP_to_P
960576,2021-08-25,P,2021-10-28,LP,0.17522245037645448,P_to_LP
971513,2021-12-08,LP,2023-11-10,P,1.9219712525667352,LP_to_P
971626,2019-11-16,LP,2025-05-01,P,5.456536618754278,LP_to_P
972810,2020-01-22,VUS,2023-05-27,LP,3.3429158110882957,VUS_to_LP
974507,2020-02-01,P,2024-03-14,LP,4.114989733059549,P_to_LP
975094,2019-03-20,LP,2025-10-03,P,6.54072553045859,LP_to_P
977805,2019-08-28,P,2024-08-07,LP,4.944558521560575,P_to_LP
978165,2020-02-26,VUS,2026-01-09,P,5.8699520876112254,VUS_to_P
981532,2020-09-09,LP,2024-08-31,P,3.975359342915811,LP_to_P
983726,2019-12-28,LP,2023-10-27,P,3.8302532511978096,LP_to_P
988025,2020-09-01,P,2025-05-01,LP,4.662559890485968,P_to_LP
988033,2020-09-01,P,2025-05-01,LP,4.662559890485968,P_to_LP
988034,2020-09-01,P,2024-06-05,LP,3.759069130732375,P_to_LP
988044,2020-09-01,P,2025-09-27,LP,5.070499657768652,P_to_LP
988046,2020-09-01,P,2025-02-25,LP,4.484599589322382,P_to_LP
988048,2020-09-01,P,2025-12-19,VUS,5.297741273100616,P_to_VUS
988051,2020-09-01,P,2021-06-30,LP,0.8268309377138946,P_to_LP
988056,2020-09-01,P,2023-08-19,VUS,2.9623545516769334,P_to_VUS
988065,2020-09-01,P,2021-07-23,LP,0.8898015058179329,P_to_LP
988216,2014-04-18,LP,2025-02-03,P,10.798083504449007,LP_to_P
989900,2020-04-11,VUS,2023-11-13,LP,3.589322381930185,VUS_to_LP
990337,2020-04-11,VUS,2024-02-25,LB,3.8740588637919235,VUS_to_LB
990338,2020-04-11,VUS,2025-10-22,LB,5.530458590006845,VUS_to_LB
990341,2020-04-11,VUS,2024-02-20,LB,3.8603696098562628,VUS_to_LB
990342,2020-04-11,VUS,2022-04-30,LB,2.0506502395619437,VUS_to_LB
990343,2020-04-11,VUS,2025-01-19,LB,4.774811772758385,VUS_to_LB
990643,2020-09-04,VUS,2025-12-23,LB,5.300479123887748,VUS_to_LB
991669,2020-10-09,B,2025-08-28,VUS,4.884325804243669,B_to_VUS
991670,2020-08-14,VUS,2025-11-16,LB,5.256673511293634,VUS_to_LB
992301,2020-08-19,LP,2023-11-20,P,3.252566735112936,LP_to_P
995121,2022-09-30,VUS,2025-07-13,P,2.784394250513347,VUS_to_P
995124,2020-02-27,B,2024-08-19,LB,4.476386036960986,B_to_LB
1008911,2024-05-17,LP,2025-07-13,P,1.1553730321697468,LP_to_P
1066190,1989-03-01,P,2020-05-20,LP,31.21971252566735,P_to_LP
1066880,2024-06-18,LP,2025-01-15,P,0.5776865160848734,LP_to_P
1067888,2024-12-04,P,2025-09-12,LP,0.7720739219712526,P_to_LP
1069746,2023-07-28,P,2025-03-10,LP,1.6180698151950719,P_to_LP
1070518,2023-10-27,LP,2026-01-24,P,2.245037645448323,LP_to_P
1070788,2024-01-11,P,2024-06-23,LP,0.4490075290896646,P_to_LP
1070803,2019-09-17,LP,2025-10-03,P,6.04517453798768,LP_to_P
1073253,2023-12-14,P,2024-07-01,LP,0.5475701574264202,P_to_LP
1076782,2021-06-30,LP,2025-07-13,P,4.035592060232717,LP_to_P
1076784,2022-12-11,LP,2024-02-24,P,1.2046543463381245,LP_to_P
1080249,2020-01-27,B,2025-12-23,LB,5.905544147843942,B_to_LB
1080958,2019-03-30,LB,2025-01-09,VUS,5.782340862422998,LB_to_VUS
1091045,2020-04-13,B,2026-02-04,LB,5.812457221081451,B_to_LB
1158408,2025-05-27,VUS,2026-01-18,LB,0.6461327857631759,VUS_to_LB
1160786,2023-01-05,LB,2025-04-30,VUS,2.316221765913758,LB_to_VUS
1163104,2020-04-21,LP,2024-08-16,P,4.3203285420944555,LP_to_P
1163109,2021-01-12,LP,2023-11-13,P,2.833675564681725,LP_to_P
1164757,2021-09-13,LB,2026-01-27,B,4.372347707049966,LB_to_B
1164871,2022-11-01,LB,2026-01-27,B,3.238877481177276,LB_to_B
1165375,2023-01-01,LB,2024-12-10,B,1.9411362080766599,LB_to_B
1166094,2021-10-20,LB,2025-12-17,B,4.158795345653662,LB_to_B
1166532,2021-08-12,LB,2025-12-03,B,4.309377138945927,LB_to_B
1167410,2020-09-28,LB,2026-01-15,B,5.297741273100616,LB_to_B
1167523,2021-07-11,LB,2026-01-24,B,4.539356605065024,LB_to_B
1167719,2020-07-20,LB,2026-01-03,B,5.456536618754278,LB_to_B
1167895,2020-02-19,LB,2026-01-05,B,5.878165639972622,LB_to_B
1168427,2021-09-30,LB,2026-01-05,B,4.265571526351814,LB_to_B
1168505,2020-12-01,LB,2026-01-28,B,5.158110882956879,LB_to_B
1168756,2021-07-24,LB,2025-12-29,B,4.432580424366872,LB_to_B
1169030,2021-03-29,LB,2026-02-04,B,4.854209445585216,LB_to_B
1179088,2021-03-16,LP,2021-06-30,P,0.29021218343600275,LP_to_P
1179153,2021-07-23,LP,2025-07-30,P,4.0191649555099245,LP_to_P
1179173,2021-06-30,LP,2025-06-12,P,3.9507186858316223,LP_to_P
1179181,2021-06-30,LP,2024-02-21,P,2.64476386036961,LP_to_P
1186689,2020-03-25,LP,2025-10-23,P,5.579739904175223,LP_to_P
1189385,2020-12-08,LB,2025-12-16,B,5.021218343600274,LB_to_B
1196350,2019-04-15,LB,2023-08-28,B,4.369609856262834,LB_to_B
1263241,2019-11-22,B,2021-07-28,LB,1.68104038329911,B_to_LB
1285062,2020-04-29,LB,2026-01-26,B,5.7440109514031485,LB_to_B
1285112,2024-04-29,LP,2025-12-11,P,1.6180698151950719,LP_to_P
1298722,2023-01-01,LB,2026-01-05,B,3.0116358658453115,LB_to_B
1298934,2021-07-01,P,2022-01-17,LP,0.5475701574264202,P_to_LP
1299701,2020-09-15,LP,2024-05-28,P,3.698836413415469,LP_to_P
1299755,2021-10-05,P,2025-10-13,VUS,4.0219028062970565,P_to_VUS
1302890,2017-11-16,LB,2025-05-12,B,7.485284052019165,LB_to_B
1319457,2021-11-03,P,2022-03-04,LP,0.33127994524298426,P_to_LP
1321376,2021-10-12,P,2021-10-14,LP,0.0054757015742642025,P_to_LP
1321411,2024-08-27,LP,2025-10-23,P,1.1553730321697468,LP_to_P
1322094,2022-04-20,P,2025-11-28,LP,3.6084873374401094,P_to_LP
1323598,2019-10-05,P,2023-04-06,LP,3.5017111567419574,P_to_LP
1330414,2021-10-26,LB,2025-12-27,B,4.16974674880219,LB_to_B
1330507,2023-12-22,P,2025-10-14,LP,1.8124572210814511,P_to_LP
1334562,2021-08-29,LP,2024-09-24,P,3.0718685831622174,LP_to_P
1364171,2022-10-27,P,2024-03-18,LP,1.3908281998631074,P_to_LP
1369845,2024-05-13,LP,2025-12-06,P,1.566050650239562,LP_to_P
1371040,2024-02-06,LP,2024-10-23,P,0.7118412046543463,LP_to_P
1380813,2023-06-27,P,2024-08-28,LP,1.1718001368925393,P_to_LP
1397805,2024-12-12,P,2025-10-22,LP,0.8596851471594799,P_to_LP
1399408,2022-08-02,LP,2025-10-13,VUS,3.1978097193702943,LP_to_VUS
1406127,2021-06-05,P,2025-03-18,LP,3.783709787816564,P_to_LP
1406748,2022-04-30,VUS,2024-08-26,LP,2.324435318275154,VUS_to_LP
1407972,2022-05-04,P,2025-05-09,LP,3.0143737166324436,P_to_LP
1411084,2021-10-22,LP,2023-01-13,P,1.2265571526351813,LP_to_P
1411449,2021-12-06,VUS,2025-06-09,LB,3.5071868583162216,VUS_to_LB
1411455,2021-12-15,VUS,2022-10-24,P,0.8569472963723477,VUS_to_P
1413179,2021-04-14,LP,2024-11-18,P,3.597535934291581,LP_to_P
1414261,2019-06-06,LB,2021-06-20,VUS,2.0396988364134154,LB_to_VUS
1447096,2022-03-22,P,2024-12-15,LP,2.735112936344969,P_to_LP
1452175,2023-05-13,P,2024-04-02,LP,0.8898015058179329,P_to_LP
1455164,2024-04-04,LP,2025-06-12,P,1.1882272416153319,LP_to_P
1455667,2024-02-09,LP,2024-10-30,P,0.7227926078028748,LP_to_P
1456684,2021-11-13,P,2024-03-16,LP,2.3381245722108144,P_to_LP
1456950,2021-01-29,P,2024-03-25,LP,3.1512662559890487,P_to_LP
1457062,2024-05-07,P,2025-10-03,LP,1.4072553045859,P_to_LP
1458045,2022-09-05,LP,2022-09-09,P,0.010951403148528405,LP_to_P
1459128,2024-04-02,P,2025-02-19,LP,0.8843258042436687,P_to_LP
1472797,2023-11-28,LP,2025-01-14,VUS,1.1307323750855578,LP_to_VUS
1475268,2024-03-08,P,2025-08-15,LP,1.4373716632443532,P_to_LP
1479002,2023-10-27,P,2026-01-12,LP,2.212183436002738,P_to_LP
1499211,2021-05-10,LB,2024-06-26,VUS,3.1293634496919918,LB_to_VUS
1521167,2023-04-12,LB,2025-06-12,VUS,2.1683778234086244,LB_to_VUS
1538173,2021-10-28,B,2024-06-15,LB,2.631074606433949,B_to_LB
1541074,2024-08-05,B,2026-01-03,LB,1.4127310061601643,B_to_LB
1553287,2020-11-02,LB,2025-12-15,B,5.117043121149897,LB_to_B
1554532,2026-01-25,B,2026-02-01,LB,0.019164955509924708,B_to_LB
1564696,2024-05-08,LB,2025-11-08,B,1.5030800821355237,LB_to_B
1564788,2021-09-29,LB,2025-12-30,B,4.251882272416153,LB_to_B
1569093,2022-11-03,LB,2026-01-25,B,3.2279260780287475,LB_to_B
1574198,2021-07-29,LB,2026-01-20,B,4.479123887748118,LB_to_B
1583868,2021-08-25,LB,2025-12-01,B,4.268309377138946,LB_to_B
1584524,2021-07-28,LB,2026-02-01,B,4.514715947980835,LB_to_B
1584769,2022-01-10,LB,2025-12-08,B,3.909650924024641,LB_to_B
1598682,2021-08-17,LB,2026-01-22,B,4.432580424366872,LB_to_B
1598976,2021-08-12,LB,2026-01-09,B,4.4106776180698155,LB_to_B
1599496,2022-01-04,LB,2026-02-02,B,4.079397672826831,LB_to_B
1599811,2021-08-04,LB,2026-01-28,B,4.484599589322382,LB_to_B
1600745,2021-11-18,LB,2026-01-30,B,4.199863107460644,LB_to_B
1600848,2021-12-17,LB,2025-04-07,B,3.3045859000684463,LB_to_B
1602776,2018-11-14,LB,2024-02-13,B,5.248459958932238,LB_to_B
1608824,2019-10-21,LB,2025-07-14,B,5.730321697467488,LB_to_B
1609454,2021-10-10,LB,2025-02-03,VUS,3.3182751540041067,LB_to_VUS
1613123,2023-04-17,B,2024-05-16,LB,1.08145106091718,B_to_LB
1618519,2021-07-26,LB,2026-01-28,B,4.509240246406571,LB_to_B
1621563,2021-08-12,LB,2025-12-18,B,4.350444900752909,LB_to_B
1627201,2022-04-11,LB,2025-12-31,B,3.7234770704996576,LB_to_B
1627578,2021-07-07,LB,2024-05-07,B,2.833675564681725,LB_to_B
1633168,2021-09-03,LB,2025-12-11,B,4.271047227926078,LB_to_B
1648478,2023-10-17,B,2025-09-21,LB,1.9301848049281314,B_to_LB
1651025,2020-11-21,LB,2025-05-05,VUS,4.4517453798767965,LB_to_VUS
1652546,2021-08-19,LB,2025-02-13,VUS,3.488021902806297,LB_to_VUS
1664431,2020-12-22,LB,2025-03-01,VUS,4.188911704312115,LB_to_VUS
1668980,2022-03-18,LB,2025-12-15,B,3.7453798767967146,LB_to_B
1687339,2021-10-06,LP,2024-05-09,P,2.5900068446269677,LP_to_P
1698608,2024-04-16,P,2025-11-11,LP,1.571526351813826,P_to_LP
1700658,2022-08-02,P,2025-01-29,LP,2.4941820670773445,P_to_LP
1700660,2022-08-02,LP,2023-06-04,P,0.837782340862423,LP_to_P
1701923,2013-02-01,LP,2024-03-05,P,11.08829568788501,LP_to_P
1711439,2022-09-01,P,2024-06-15,LP,1.787816563997262,P_to_LP
1719334,2023-04-16,VUS,2024-03-08,P,0.8952772073921971,VUS_to_P
1726382,2021-12-16,LP,2023-11-17,P,1.919233401779603,LP_to_P
1761584,2019-02-08,VUS,2025-06-14,LB,6.346338124572211,VUS_to_LB
1769160,2020-04-12,LB,2024-10-07,B,4.487337440109514,LB_to_B
1803985,2022-06-07,LP,2024-09-03,P,2.242299794661191,LP_to_P
1805827,2020-05-26,P,2024-04-05,LP,3.8603696098562628,P_to_LP
1806126,2020-10-19,P,2024-03-25,LP,3.430527036276523,P_to_LP
1810040,2022-06-22,P,2023-11-01,LP,1.3607118412046544,P_to_LP
1878351,2022-12-21,LP,2023-04-22,P,0.33401779603011633,LP_to_P
1897000,2019-03-01,LB,2025-12-28,B,6.828199863107461,LB_to_B
1908931,2024-01-09,LP,2024-02-26,P,0.13141683778234087,LP_to_P
1909012,2025-04-21,LB,2025-06-04,B,0.12046543463381246,LB_to_B
1913703,2024-02-19,LB,2025-01-16,VUS,0.9089664613278576,LB_to_VUS
1946736,2022-08-12,LB,2025-04-23,VUS,2.6967830253251197,LB_to_VUS
1973806,2021-12-12,P,2023-05-15,LP,1.4209445585215605,P_to_LP
1974244,2023-10-15,LB,2025-03-27,VUS,1.4483230663928817,LB_to_VUS
1974337,2023-05-22,P,2024-06-22,LP,1.0869267624914443,P_to_LP
2005279,2022-08-22,P,2024-06-17,LP,1.8206707734428473,P_to_LP
2008084,2024-05-09,LP,2025-01-15,P,0.6872005475701575,LP_to_P
2018786,2022-07-23,VUS,2024-07-31,LP,2.023271731690623,VUS_to_LP
2029609,2022-09-09,P,2023-04-06,LP,0.5722108145106092,P_to_LP
2035301,2023-09-26,LP,2024-10-06,P,1.0294318959616702,LP_to_P
2042185,2019-09-09,LB,2026-01-27,B,6.38466803559206,LB_to_B
2044793,2022-09-13,P,2024-02-28,LP,1.45927446954141,P_to_LP
2046093,2023-02-03,LB,2025-04-22,VUS,2.21492128678987,LB_to_VUS
2050846,2019-04-11,LB,2025-12-17,B,6.685831622176591,LB_to_B
2056878,2024-03-01,LB,2025-12-09,B,1.7741273100616017,LB_to_B
2057421,2024-04-07,LP,2025-10-03,P,1.4893908281998631,LP_to_P
2059357,2024-03-20,LB,2025-06-16,B,1.2402464065708418,LB_to_B
2067052,2023-10-27,P,2025-11-06,LP,2.028747433264887,P_to_LP
2069519,2019-08-02,B,2026-03-01,LB,6.579055441478439,B_to_LB
2070367,2023-10-30,LB,2026-01-06,B,2.187542778918549,LB_to_B
2073185,2024-06-01,LB,2026-01-19,B,1.6344969199178645,LB_to_B
2075084,2020-03-17,LB,2025-11-17,B,5.670088980150582,LB_to_B
2078185,2023-05-16,P,2023-12-14,LP,0.5804243668720055,P_to_LP
2085866,2024-09-01,LB,2025-10-29,B,1.158110882956879,LB_to_B
2088287,2022-09-16,P,2023-12-29,LP,1.2840520191649556,P_to_LP
2101269,2021-11-18,LP,2022-02-21,P,0.2600958247775496,LP_to_P
2111190,2022-03-13,LB,2025-04-11,VUS,3.080082135523614,LB_to_VUS
2131726,2022-04-29,P,2024-09-19,LP,2.3928815879534566,P_to_LP
2148495,2022-07-29,VUS,2024-08-26,LP,2.078028747433265,VUS_to_LP
2149465,2023-10-27,P,2025-11-04,LP,2.023271731690623,P_to_LP
2156487,2024-04-24,B,2025-05-22,LB,1.0759753593429158,B_to_LB
2167723,2023-03-17,LB,2025-02-17,VUS,1.9247091033538672,LB_to_VUS
2168716,2022-03-07,LB,2022-03-11,VUS,0.010951403148528405,LB_to_VUS
2174558,2024-09-28,B,2025-12-01,LB,1.1745379876796715,B_to_LB
2175414,2022-09-09,P,2024-03-01,LP,1.4757015742642026,P_to_LP
2181419,2019-04-05,LB,2025-01-15,B,5.782340862422998,LB_to_B
2190892,2022-06-12,P,2024-05-17,LP,1.9301848049281314,P_to_LP
2194451,2024-05-23,LP,2025-10-18,P,1.404517453798768,LP_to_P
2202737,2023-11-30,LP,2024-04-09,P,0.3586584531143053,LP_to_P
2203295,2022-04-17,P,2023-08-31,LP,1.3716632443531827,P_to_LP
2203299,2023-02-27,LP,2026-02-09,P,2.951403148528405,LP_to_P
2203424,2025-07-13,P,2025-09-24,LP,0.1998631074606434,P_to_LP
2415430,2022-06-07,P,2023-02-15,LP,0.6926762491444216,P_to_LP
2425073,2022-04-30,P,2022-10-14,VUS,0.45722108145106094,P_to_VUS
2427947,2024-09-09,LB,2025-11-23,B,1.2046543463381245,LB_to_B
2428727,2022-03-10,P,2022-08-15,LP,0.432580424366872,P_to_LP
2433461,2023-01-23,LP,2026-04-24,P,3.249828884325804,LP_to_P
2433468,2021-10-20,LP,2023-05-13,P,1.5605749486652978,LP_to_P
2433477,2024-05-22,LP,2026-01-22,P,1.6700889801505818,LP_to_P
2444055,2023-02-23,LP,2024-10-13,P,1.6372347707049966,LP_to_P
2446009,2022-12-01,VUS,2024-08-26,LP,1.7357973990417521,VUS_to_LP
2501073,2023-03-08,LP,2025-12-28,P,2.809034907597536,LP_to_P
2501126,2023-03-23,LP,2023-08-19,P,0.4079397672826831,LP_to_P
2582318,2023-08-05,LP,2024-08-21,P,1.0458590006844628,LP_to_P
2585130,2023-12-29,P,2025-11-04,LP,1.8507871321013005,P_to_LP
2627449,2024-06-05,LP,2025-05-01,P,0.9034907597535934,LP_to_P
2636279,2023-03-14,P,2023-10-09,LP,0.5722108145106092,P_to_LP
2664113,2023-10-27,LP,2024-10-31,P,1.0130047912388775,LP_to_P
2664382,2023-10-27,LP,2024-08-26,P,0.8323066392881588,LP_to_P
2664413,2023-10-27,P,2026-01-12,LP,2.212183436002738,P_to_LP
2664414,2023-10-27,LP,2025-11-14,P,2.0506502395619437,LP_to_P
2664419,2023-10-27,LP,2025-06-19,P,1.6454483230663928,LP_to_P
2671859,2023-10-27,P,2024-11-14,LP,1.051334702258727,P_to_LP
2671862,2023-10-27,P,2024-05-28,LP,0.5859000684462696,P_to_LP
2675085,2023-05-22,P,2023-08-02,LP,0.1971252566735113,P_to_LP
2675222,2022-12-30,LP,2023-10-27,P,0.8240930869267625,LP_to_P
2681157,2023-10-27,LP,2025-05-29,P,1.5879534565366187,LP_to_P
2681194,2023-10-27,LP,2024-02-02,P,0.2683093771389459,LP_to_P
2690708,2023-06-21,LP,2024-10-07,P,1.297741273100616,LP_to_P
2690712,2023-07-10,P,2025-06-16,LP,1.9356605065023955,P_to_LP
2691368,2023-12-04,P,2024-01-03,LP,0.08213552361396304,P_to_LP
2698496,2023-09-14,LP,2023-11-24,P,0.1943874058863792,LP_to_P
2710435,2024-01-20,P,2024-06-20,LP,0.4161533196440794,P_to_LP
2726996,2024-01-11,LB,2025-01-20,VUS,1.0266940451745379,LB_to_VUS
2731342,2025-02-16,LB,2025-12-17,B,0.8323066392881588,LB_to_B
2731628,2024-02-16,P,2024-03-12,LP,0.06844626967830253,P_to_LP
2734172,2023-06-09,LP,2025-10-03,P,2.31895961670089,LP_to_P
2734175,2024-01-18,P,2024-08-26,LP,0.6050650239561944,P_to_LP
2734181,2023-03-19,P,2025-06-05,LP,2.21492128678987,P_to_LP
2734207,2022-11-19,P,2024-05-10,LP,1.4729637234770705,P_to_LP
2736967,2024-04-05,P,2025-02-10,VUS,0.8514715947980835,P_to_VUS
2748234,2024-03-25,LP,2024-04-10,P,0.04380561259411362,LP_to_P
2751056,2023-08-07,P,2024-11-01,LP,1.2375085557837098,P_to_LP
2770768,2023-08-28,LB,2026-01-30,B,2.425735797399042,LB_to_B
2786749,2023-04-23,LB,2025-03-08,VUS,1.8754277891854894,LB_to_VUS
2792521,2023-05-05,LB,2025-01-13,VUS,1.6947296372347707,LB_to_VUS
2801530,2024-05-01,LP,2024-06-21,P,0.13963039014373715,LP_to_P
2812393,2022-11-06,P,2025-02-17,LP,2.2833675564681726,P_to_LP
2817688,2022-11-30,P,2024-03-11,LP,1.2785763175906912,P_to_LP
2825619,2022-12-31,P,2024-03-08,LP,1.1854893908281998,P_to_LP
2852344,2023-04-06,P,2025-05-29,LP,2.1464750171115674,P_to_LP
2852764,2023-04-06,P,2024-04-26,LP,1.056810403832991,P_to_LP
2857912,2019-02-21,LB,2025-12-16,B,6.8172484599589325,LB_to_B
2865159,2023-07-31,P,2025-06-25,LP,1.9028062970568105,P_to_LP
2869485,2023-01-15,P,2024-05-16,LP,1.3333333333333333,P_to_LP
2888918,2023-07-17,P,2024-05-13,LP,0.8240930869267625,P_to_LP
2894612,2019-12-30,LB,2025-09-29,B,5.749486652977413,LB_to_B
2901847,2023-06-23,LB,2025-03-24,VUS,1.7522245037645447,LB_to_VUS
2906874,2024-02-14,P,2025-04-28,LP,1.2019164955509924,P_to_LP
2907324,2024-11-06,LP,2025-10-27,P,0.971937029431896,LP_to_P
2925364,2023-03-01,VUS,2024-01-26,LP,0.9062286105407256,VUS_to_LP
2944825,2023-03-01,VUS,2024-03-08,LP,1.0212183436002737,VUS_to_LP
2945000,2023-10-14,B,2026-01-01,LB,2.217659137577002,B_to_LB
2963069,2023-07-15,P,2024-03-27,LP,0.7008898015058179,P_to_LP
2965434,2023-12-30,LB,2025-01-24,VUS,1.0704996577686516,LB_to_VUS
2982532,2023-06-03,LB,2025-02-05,VUS,1.678302532511978,LB_to_VUS
3012081,2025-02-03,P,2025-09-10,LP,0.5995893223819302,P_to_LP
3020355,2024-06-12,LP,2025-01-27,P,0.6269678302532512,LP_to_P
3020687,2023-01-01,LP,2024-08-26,P,1.6509240246406571,LP_to_P
3028919,2024-03-08,LP,2025-03-18,VUS,1.0266940451745379,LP_to_VUS
3034594,2019-07-30,LB,2024-11-12,B,5.28952772073922,LB_to_B
3068533,2024-04-05,LP,2025-09-23,P,1.4674880219028064,LP_to_P
3256909,2024-01-10,LP,2024-09-28,P,0.7173169062286106,LP_to_P
3263506,2024-06-13,LP,2026-05-07,P,1.8973305954825461,LP_to_P
3340165,2023-04-12,LP,2025-11-07,P,2.5735797399041753,LP_to_P
3351868,2024-07-25,VUS,2025-08-13,LP,1.051334702258727,VUS_to_LP
3351980,2024-02-21,LP,2024-05-23,VUS,0.2518822724161533,LP_to_VUS
3359156,2024-05-10,LP,2024-08-26,P,0.29568788501026694,LP_to_P
3359167,2024-08-26,LP,2025-07-08,VUS,0.865160848733744,LP_to_VUS
3359209,2024-04-09,LP,2024-11-08,P,0.5831622176591376,LP_to_P
3362772,2023-08-10,LP,2025-05-01,P,1.7248459958932238,LP_to_P
3383754,2024-05-28,P,2024-12-02,LP,0.5147159479808351,P_to_LP
3485307,2024-06-25,LP,2025-05-30,P,0.9281314168377823,LP_to_P
3582115,2024-01-10,LP,2025-10-05,P,1.7357973990417521,LP_to_P
3582767,2023-12-26,LP,2024-11-05,P,0.8624229979466119,LP_to_P
3583591,2024-01-06,LP,2025-05-19,P,1.3661875427789185,LP_to_P
3586448,2024-02-06,LP,2024-04-16,P,0.19164955509924708,LP_to_P
3586670,2023-11-20,P,2024-03-08,LP,0.29842573579739906,P_to_LP
3586706,2024-01-23,LP,2025-07-29,P,1.514031485284052,LP_to_P
3586876,2024-06-12,LP,2024-11-29,P,0.4654346338124572,LP_to_P
3592101,2024-04-20,LP,2025-11-19,P,1.5824777549623545,LP_to_P
3596882,2024-05-08,LP,2024-08-12,P,0.26283367556468173,LP_to_P
3598380,2024-04-25,LP,2025-02-13,P,0.8049281314168378,LP_to_P
3599153,2024-06-21,LP,2025-02-06,P,0.6297056810403833,LP_to_P
3609795,2024-12-10,VUS,2025-09-15,P,0.7638603696098563,VUS_to_P
3645829,2024-03-13,P,2024-08-29,LP,0.46269678302532513,P_to_LP
3774588,2025-03-10,LP,2025-11-16,P,0.6872005475701575,LP_to_P
3779533,2020-12-24,LP,2025-11-01,P,4.854209445585216,LP_to_P
4071503,2025-06-15,VUS,2025-07-16,B,0.08487337440109514,VUS_to_B
4540582,2025-11-11,VUS,2025-12-08,LP,0.07392197125256673,VUS_to_LP
4540914,2025-03-04,LP,2025-12-15,P,0.783025325119781,LP_to_P
4542175,2025-03-26,LP,2025-10-26,P,0.5859000684462696,LP_to_P
