VariationID,ClinicalSignificance,DateLastEvaluated,Description,SubmittedPhenotypeInfo,ReportedPhenotypeInfo,ReviewStatus,CollectionMethod,OriginCounts,Submitter,SCV,SubmittedGeneSymbol,ExplanationOfInterpretation,SomaticClinicalImpact,Oncogenicity,ContributesToAggregateClassification,bucket
450072,Likely pathogenic,2018-05-09,6 Individuals with novel FN1 mutations and spondylometaphyseal dysplasia,Spondylometaphyseal dysplasia,C4759767:Spondylometaphyseal dysplasia,no assertion criteria provided,research,germline:na,"CHU Sainte-Justine Research Center, University of Montreal",SCV000787523.1,-,-,-,-,no,LP
334738,Likely pathogenic,2019-11-25,-,OMIM:104200,C5882663:Autosomal dominant Alport syndrome,no assertion criteria provided,clinical testing,germline:na,"Bioscientia Institut fuer Medizinische Diagnostik GmbH, Sonic Healthcare",SCV001192739.1,COL4A4,-,-,-,no,LP
764483,Likely benign,2021-09-26,-,MedGen:CN517202,C3661900:not provided,"criteria provided, single submitter",clinical testing,germline:na,"Labcorp Genetics (formerly Invitae), Labcorp",SCV001088766.6,COL4A3,-,-,-,yes,LB
990707,Likely benign,2023-05-31,-,MedGen:CN517202,C3661900:not provided,"criteria provided, single submitter",clinical testing,germline:na,"Labcorp Genetics (formerly Invitae), Labcorp",SCV001615901.7,COL4A5,-,-,-,yes,LB
2039179,Likely benign,2023-07-11,"This variant is classified as likely benign based on ACMG/AMP sequence variant interpretation guidelines (Richards et al. 2015 PMID: 25741868, with internal and published modifications).",COL4A6-related condition,na:COL4A6-related disorder,no assertion criteria provided,clinical testing,germline:na,"PreventionGenetics, part of Exact Sciences",SCV004782319.2,COL4A6,-,-,-,no,LB
990632,Likely benign,2023-07-19,-,MedGen:CN517202,C3661900:not provided,"criteria provided, single submitter",clinical testing,germline:na,"Labcorp Genetics (formerly Invitae), Labcorp",SCV001704301.6,COL4A3,-,-,-,yes,LB
798727,Likely benign,2023-07-29,-,MedGen:CN517202,C3661900:not provided,"criteria provided, single submitter",clinical testing,germline:na,"Labcorp Genetics (formerly Invitae), Labcorp",SCV001130298.6,COL4A3,-,-,-,yes,LB
753295,Likely benign,2023-08-22,-,MedGen:CN517202,C3661900:not provided,"criteria provided, single submitter",clinical testing,germline:na,"Labcorp Genetics (formerly Invitae), Labcorp",SCV001076174.6,COL4A3,-,-,-,yes,LB
551881,Pathogenic,2023-09-26,"Variant summary: COL4A3 c.2990G>A (p.Gly997Glu) results in a non-conservative amino acid change located in the Collagen triple helix repeat (IPR008160) of the encoded protein sequence and is predicted to disrupt a critical Gly residue at position 1 of a Gly-X-Y repeat in the collagenous domain of the collagen IV alpha 3 chain (PMID: 33854215). Five of five in-silico tools predict a damaging effect of the variant on protein function. The variant was absent in 249520 control chromosomes (gnomAD). c.2990G>A has been reported in the literature in multiple individuals affected with both autosomal recessive and autosomal dominant Alport Syndrome (e.g., Xie_2014, Zhang_2021). These data indicate that the variant is very likely to be associated with disease. The following publications have been ascertained in the context of this evaluation (PMID: 25596306, 33772369). Two submitters have reported clinical-significance assessments for this variant to ClinVar after 2014. One submitter classified the variant as pathogenic, and one submitter classified the variant as uncertain significance. Based on the evidence outlined above, the variant was classified as pathogenic.",MedGen:C1567744,C4746745:Autosomal recessive Alport syndrome,"criteria provided, single submitter",clinical testing,germline:na,"Women's Health and Genetics/Laboratory Corporation of America, LabCorp",SCV004100128.1,COL4A3,-,-,-,yes,P
557644,Likely pathogenic,2023-11-16,-,not provided,C3661900:not provided,"criteria provided, single submitter",clinical testing,germline:na,"Revvity Omics, Revvity",SCV004238550.2,-,-,-,-,yes,LP
558674,Likely benign,2023-11-25,-,MedGen:CN517202,C3661900:not provided,"criteria provided, single submitter",clinical testing,germline:na,"Labcorp Genetics (formerly Invitae), Labcorp",SCV004293989.3,COL4A4,-,-,-,yes,LB
599108,Likely benign,2023-12-02,-,MedGen:CN517202,C3661900:not provided,"criteria provided, single submitter",clinical testing,germline:na,"Labcorp Genetics (formerly Invitae), Labcorp",SCV003466070.4,COL4A5,-,-,-,yes,LB
633673,Likely pathogenic,2023-12-21,"The variant is observed at an extremely low frequency in the gnomAD v2.1.1 dataset (total allele frequency: <0.001%). Predicted Consequence/Location: Stop-gained (nonsense): predicted to result in a loss or disruption of normal protein function through nonsense-mediated decay (NMD) or protein truncation. Multiple pathogenic variants are reported downstream of the variant. Therefore, this variant is classified as Likely pathogenic according to the recommendation of ACMG/AMP guideline.",OMIM:614809,C4055342:C3 glomerulonephritis,"criteria provided, single submitter",clinical testing,germline:na,3billion,SCV005905781.1,CFHR5,-,-,-,yes,LP
549957,Likely pathogenic,2024-02-10,-,OMIM:141200;OMIM:203780,"C4746745:Autosomal recessive Alport syndrome;CN376803:Hematuria, benign familial, 1","criteria provided, single submitter",clinical testing,germline:na,"Fulgent Genetics, Fulgent Genetics",SCV005653827.1,-,-,-,-,yes,LP
793275,Likely benign,2024-03-02,-,MedGen:CN517202,C3661900:not provided,"criteria provided, single submitter",clinical testing,germline:na,"Labcorp Genetics (formerly Invitae), Labcorp",SCV001124353.6,COL4A3,-,-,-,yes,LB
554653,Likely benign,2024-03-10,-,MedGen:CN517202,C3661900:not provided,"criteria provided, single submitter",clinical testing,germline:na,"Labcorp Genetics (formerly Invitae), Labcorp",SCV003467279.4,COL4A4,-,-,-,yes,LB
2512804,Likely pathogenic,2024-05-21,-,OMIM:300914,"C3806737:Hearing loss, X-linked 6",no assertion criteria provided,clinical testing,germline:1,Inheritance Genetic Center,SCV005439861.2,-,-,-,-,no,LP
763345,Likely benign,2024-06-10,-,MedGen:CN517202,C3661900:not provided,"criteria provided, single submitter",clinical testing,germline:na,"Labcorp Genetics (formerly Invitae), Labcorp",SCV001087466.8,COL4A3,-,-,-,yes,LB
989511,Likely benign,2024-08-12,-,MedGen:CN169374,CN169374:not specified,"criteria provided, single submitter",clinical testing,germline:na,"Women's Health and Genetics/Laboratory Corporation of America, LabCorp",SCV005380667.1,COL4A4,-,-,-,yes,LB
2145443,Likely benign,2024-09-17,"This variant is classified as likely benign based on ACMG/AMP sequence variant interpretation guidelines (Richards et al. 2015 PMID: 25741868, with internal and published modifications).",COL4A3-related condition,na:COL4A3-related disorder,no assertion criteria provided,clinical testing,germline:na,"PreventionGenetics, part of Exact Sciences",SCV005362786.1,COL4A3,-,-,-,no,LB
988254,Likely benign,2024-12-01,"COL4A5: PM5, BS2",MedGen:CN517202,C3661900:not provided,"criteria provided, single submitter",clinical testing,germline:1,CeGaT Center for Human Genetics Tuebingen,SCV005890421.10,COL4A5,-,-,-,yes,LB
555467,Likely pathogenic,2024-12-09,"Reported in a patient with end-stage kidney disease in published literature (PMID: 25514610); Not observed at significant frequency in large population cohorts (gnomAD); Affects a glycine residue in a Gly-X-Y motif in the triple helical region of the COL4A4 gene, where the majority of pathogenic missense variants occur, and is predicted to disrupt normal protein folding and function (PMID: 10752524); In silico analysis supports that this missense variant has a deleterious effect on protein structure/function; This variant is associated with the following publications: (PMID: 10752524, 25514610)",Not Provided,C3661900:not provided,"criteria provided, single submitter",clinical testing,germline:na,GeneDx,SCV006084026.1,COL4A4,-,-,-,yes,LP
990631,Likely benign,2025-01-23,-,MedGen:CN517202,C3661900:not provided,"criteria provided, single submitter",clinical testing,germline:na,"Labcorp Genetics (formerly Invitae), Labcorp",SCV001616697.6,COL4A3,-,-,-,yes,LB
3769393,Likely pathogenic,2025-02-03,-,Alport syndrome,C1567741:Alport syndrome,no assertion criteria provided,clinical testing,germline:na,"Natera, Inc.",SCV006295650.1,-,-,-,-,no,LP
1036012,Pathogenic,2025-02-24,"This sequence change affects codon 290 of the COL4A4 mRNA. It is a 'silent' change, meaning that it does not change the encoded amino acid sequence of the COL4A4 protein. This variant also falls at the last nucleotide of exon 14, which is part of the consensus splice site for this exon. This variant is not present in population databases (gnomAD no frequency). This variant has been observed in individual(s) with clinical features of Alport syndrome (PMID: 36685964; internal data). In at least one individual the data is consistent with being in trans (on the opposite chromosome) from a pathogenic variant. ClinVar contains an entry for this variant (Variation ID: 1036012). Variants that disrupt the consensus splice site are a relatively common cause of aberrant splicing (PMID: 17576681, 9536098). Algorithms developed to predict the effect of sequence changes on RNA splicing suggest that this variant may disrupt the consensus splice site. For these reasons, this variant has been classified as Pathogenic.",MedGen:CN517202,C3661900:not provided,"criteria provided, single submitter",clinical testing,germline:na,"Labcorp Genetics (formerly Invitae), Labcorp",SCV001532661.6,COL4A4,-,-,-,yes,P
989510,Likely benign,2025-03-27,-,MedGen:CN517202,C3661900:not provided,"criteria provided, single submitter",clinical testing,germline:na,"Labcorp Genetics (formerly Invitae), Labcorp",SCV004290237.3,COL4A4,-,-,-,yes,LB
793424,Likely benign,2025-05-06,-,MedGen:CN517202,C3661900:not provided,"criteria provided, single submitter",clinical testing,germline:na,"Labcorp Genetics (formerly Invitae), Labcorp",SCV001124512.8,COL4A4,-,-,-,yes,LB
4005387,Likely benign,2025-06-06,"This alteration is classified as likely benign based on a combination of the following: seen in unaffected individuals, population frequency, intact protein function, lack of segregation with disease, co-occurrence, RNA analysis, in silico models, amino acid conservation, lack of disease association in case-control studies, and/or the mechanism of disease or impacted region is inconsistent with a known cause of pathogenicity.",MedGen:C0950123,C0950123:Inborn genetic diseases,"criteria provided, single submitter",clinical testing,germline:na,Ambry Genetics,SCV006216813.1,COL4A3,-,-,-,yes,LB
1004853,Likely benign,2025-06-12,-,MedGen:CN517202,C3661900:not provided,"criteria provided, single submitter",clinical testing,germline:na,"Labcorp Genetics (formerly Invitae), Labcorp",SCV001490804.6,COL4A3,-,-,-,yes,LB
990710,Benign,2025-06-12,-,MedGen:CN517202,C3661900:not provided,"criteria provided, single submitter",clinical testing,germline:na,"Labcorp Genetics (formerly Invitae), Labcorp",SCV002406111.5,COL4A5,-,-,-,yes,B
765469,Likely benign,2025-06-27,-,MedGen:CN517202,C3661900:not provided,"criteria provided, single submitter",clinical testing,germline:na,"Labcorp Genetics (formerly Invitae), Labcorp",SCV001089847.8,COL4A4,-,-,-,yes,LB
796994,Likely benign,2025-07-21,-,MedGen:CN517202,C3661900:not provided,"criteria provided, single submitter",clinical testing,germline:na,"Labcorp Genetics (formerly Invitae), Labcorp",SCV001128379.8,COL4A4,-,-,-,yes,LB
558101,Likely pathogenic,2025-08-20,"The c.2765G>T variant in COL4A3 is a missense variant predicted to cause substitution of glycine to valine at amino acid 922. This variant is rare in the general population with a frequency below the threshold expected for the associated phenotype(s). This variant is located in a functionally critical region of the protein. Computational prediction algorithms indicate this variant is likely to affect gene or protein function. Given the available evidence, this variant is classified as Likely Pathogenic.",Alport syndrome,C1567741:Alport syndrome,"criteria provided, single submitter",clinical testing,germline:na,"Natera, Inc.",SCV007530669.1,-,-,-,-,yes,LP
558131,Likely pathogenic,2025-08-25,"The c.1687G>A variant in COL4A3 is a missense variant predicted to cause substitution of glycine to arginine at amino acid 563. This variant is rare in the general population with a frequency below the threshold expected for the associated phenotype(s). This variant is located in a functionally critical region of the protein. Computational prediction algorithms indicate this variant is likely to affect gene or protein function. Given the available evidence, this variant is classified as Likely Pathogenic.",Alport syndrome,C1567741:Alport syndrome,"criteria provided, single submitter",clinical testing,germline:na,"Natera, Inc.",SCV007532361.1,-,-,-,-,yes,LP
4065099,Likely pathogenic,2025-09-10,-,OMIM:301050,C4746986:X-linked Alport syndrome,"criteria provided, single submitter",clinical testing,germline:na,"Genomic Medicine Center of Excellence, King Faisal Specialist Hospital and Research Centre",SCV006552768.1,-,-,-,-,yes,LP
557549,Likely pathogenic,2025-09-18,"The c.428G>T variant in COL4A4 is a missense variant predicted to cause substitution of glycine to valine at amino acid 143. This variant is rare in the general population with a frequency below the threshold expected for the associated phenotype(s). This variant is located in a functionally critical region of the protein. Computational prediction algorithms indicate this variant is likely to affect gene or protein function. Given the available evidence, this variant is classified as Likely Pathogenic.",Alport syndrome,C1567741:Alport syndrome,"criteria provided, single submitter",clinical testing,germline:na,"Natera, Inc.",SCV007531050.1,-,-,-,-,yes,LP
1101592,Likely benign,2025-09-29,-,MedGen:CN517202,C3661900:not provided,"criteria provided, single submitter",clinical testing,germline:na,"Labcorp Genetics (formerly Invitae), Labcorp",SCV001627172.6,COL4A5,-,-,-,yes,LB
990708,Likely benign,2025-11-10,-,MedGen:CN517202,C3661900:not provided,"criteria provided, single submitter",clinical testing,germline:na,"Labcorp Genetics (formerly Invitae), Labcorp",SCV001700595.6,COL4A5,-,-,-,yes,LB
522542,Likely benign,2025-12-14,-,MedGen:CN517202,C3661900:not provided,"criteria provided, single submitter",clinical testing,germline:na,"Labcorp Genetics (formerly Invitae), Labcorp",SCV002489079.5,COL4A4,-,-,-,yes,LB
552195,Likely pathogenic,2026-01-06,"This is a nonsynonymous variant in the COL4A4 gene (OMIM: 120131). Pathogenic variants in this gene have been associated with autosomal dominant COL4A4-Alport spectrum disorders. This variant has been reported in the heterozygous state in at least 4 unrelated individuals with Alport syndrome (PMID: 26809805, 37895203). The alteration lies within a known hotspot for pathogenic variants or a well-established critical functional domain of the COL4A4 protein (PMID: 33854215) (PM1_Strong), and multiple computational algorithms predict a deleterious effect for this variant (REVEL score: 0.808) (PP3). This variant has a 0.0133% maximum allele frequency in non-founder control populations (https://gnomad.broadinstitute.org/). Based on the current evidence, this variant is classified as likely pathogenic for autosomal dominant COL4A4-Alport spectrum disorders.",Autosomal dominant COL4A4-related disorders,na:Autosomal dominant COL4A4-related disorders,"criteria provided, single submitter",clinical testing,germline:na,"Variantyx, Inc.",SCV007600561.1,COL4A4,-,-,-,yes,LP
718509,Likely benign,2026-01-14,-,MedGen:CN517202,C3661900:not provided,"criteria provided, single submitter",clinical testing,germline:na,"Labcorp Genetics (formerly Invitae), Labcorp",SCV001035290.8,COL4A3,-,-,-,yes,LB
551046,Pathogenic,2026-01-16,"This sequence change replaces glycine, which is neutral and non-polar, with valine, which is neutral and non-polar, at codon 148 of the COL4A3 protein (p.Gly148Val). This variant is present in population databases (rs775373641, gnomAD 0.01%). This missense change has been observed in individual(s) with clinical features of focal segmental glomerulosclerosis, steroid resistant nephrotic syndrome, or Alport syndrome (PMID: 25229338, 30406062; internal data). In at least one individual the data is consistent with being in trans (on the opposite chromosome) from a pathogenic variant. It has also been observed to segregate with disease in related individuals. ClinVar contains an entry for this variant (Variation ID: 551046). An algorithm developed to predict the effect of missense changes on protein structure and function (PolyPhen-2) suggests that this variant is likely to be disruptive. For these reasons, this variant has been classified as Pathogenic.",MedGen:CN517202,C3661900:not provided,"criteria provided, single submitter",clinical testing,germline:na,"Labcorp Genetics (formerly Invitae), Labcorp",SCV001217068.7,COL4A3,-,-,-,yes,P
751132,Benign,2026-01-20,-,MedGen:CN517202,C3661900:not provided,"criteria provided, single submitter",clinical testing,germline:na,"Labcorp Genetics (formerly Invitae), Labcorp",SCV001073765.7,COL4A4,-,-,-,yes,B
4064932,Likely benign,2026-01-20,-,MedGen:CN517202,C3661900:not provided,"criteria provided, single submitter",clinical testing,germline:na,"Labcorp Genetics (formerly Invitae), Labcorp",SCV007401929.1,COL4A3,-,-,-,yes,LB
729071,Likely benign,2026-01-24,-,MedGen:CN517202,C3661900:not provided,"criteria provided, single submitter",clinical testing,germline:na,"Labcorp Genetics (formerly Invitae), Labcorp",SCV001048143.8,COL4A4,-,-,-,yes,LB
749038,Benign,2026-01-27,-,MedGen:CN517202,C3661900:not provided,"criteria provided, single submitter",clinical testing,germline:na,"Labcorp Genetics (formerly Invitae), Labcorp",SCV001071426.8,COL4A4,-,-,-,yes,B
599163,Pathogenic,2026-01-27,"This sequence change affects codon 245 of the COL4A4 mRNA. It is a 'silent' change, meaning that it does not change the encoded amino acid sequence of the COL4A4 protein. This variant also falls at the last nucleotide of exon 12, which is part of the consensus splice site for this exon. This variant is present in population databases (no rsID available, gnomAD 0.005%). This variant has been observed in individuals with clinical features of Alport syndrome (PMID: 31934206; internal data). It has also been observed to segregate with disease in related individuals. ClinVar contains an entry for this variant (Variation ID: 599163). Variants that disrupt the consensus splice site are a relatively common cause of aberrant splicing (PMID: 17576681, 9536098). Algorithms developed to predict the effect of sequence changes on RNA splicing suggest that this variant may disrupt the consensus splice site. For these reasons, this variant has been classified as Pathogenic.",MedGen:CN517202,C3661900:not provided,"criteria provided, single submitter",clinical testing,germline:na,"Labcorp Genetics (formerly Invitae), Labcorp",SCV001506370.6,COL4A4,-,-,-,yes,P
369964,Pathogenic,2026-03-11,"This variant is classified as Pathogenic. Evidence in support of pathogenic classification: Variant is present in gnomAD <0.01 (v4: 271 heterozygote(s), 0 homozygote(s)); This variant has very strong previous evidence of pathogenicity in unrelated individuals. This variant has been classified as pathogenic and likely pathogenic by multiple clinical laboratories in ClinVar. It has also been reported as pathogenic in multiple affected heterozygous and compound heterozygous individuals and segregated with disease in heterozygous families with either thin basement membrane nephropathy (TBMN) or Alport syndrome (PMIDs: 30476138; 14871398; 29854973; 24130771; 24052634; 25229338; 23325022; 29098738; 32647767); Variant is located in the well-established functional Gly-X-Y motif in the collagen triple helical domain (DECIPHER); Missense variant consistently predicted to be damaging by multiple in silico tools or highly conserved with a major amino acid change. Additional information: Variant is predicted to result in a missense amino acid change from Gly to Arg; This variant is heterozygous; This gene is associated with both recessive and dominant Alport syndrome (MONDO:0018965), COL4A3-related; Dominant negative and loss of function are known mechanisms of disease in this gene and are associated with Alport syndrome (MONDO:0018965), COL4A3-related. Glycine changes that are part of a G-X-Y repeat in the triple helix of a collagen domain are known to have a dominant negative effect (PMID: 12028435); Inheritance information for this variant is not currently available in this individual.",MONDO:MONDO:0018965,C1567741:Alport syndrome,"criteria provided, single submitter",clinical testing,germline:na,"Victorian Clinical Genetics Services, Murdoch Childrens Research Institute",SCV001427184.7,COL4A3,-,-,-,yes,P
